,date,name_ja,description,show_id,show,show_ja
0,2014-04-23,芸能人たちが持ち寄った説を検証する新番組,競歩の選手 全員 他の競技で挫折した人説 ・ スケバン 絶滅説 ・ 北朝鮮 実はスゴい説 ・ 引退後の力士の髪型が総じておかしいのはマゲで毛穴が後ろに持っていかれているから説 ・ 出産の痛み 未だ芯喰った喩え出ていない説,suiyoubinodowntown,WEDNESDAY DOWNTOWN,水曜日のダウンタウン
1,2014-04-30,Episode 002,"SFの未来 読み甘い説 ・ タレント本 出すと危険説 ・ 駄菓子 増税で""あたり""減ってる説 ・ ボディビルダー かなづち説",suiyoubinodowntown,WEDNESDAY DOWNTOWN,水曜日のダウンタウン
2,2014-05-07,Episode 003,こぶとりじいさんのこぶの価値観 めちゃくちゃ説 ・ 金太郎のストーリー 誰も知らない説 ・ 昔話にコンプライアンスの波 押し寄せてる説 ・ ホラー映画 製作者の都合でガチガチ説 ・ 街のとてもやっていけてるとは思えない店 実は地主説 ・ 銭湯に桶持ってくる人 絶滅説,suiyoubinodowntown,WEDNESDAY DOWNTOWN,水曜日のダウンタウン
3,2014-05-21,Episode 004,芸能界一肌がキレイなのは綾瀬はるか説 ・ 勝俣州和 ファン0人説 ・ 理科室の人体模型 ただのインテリア説 ・ ロメロスペシャル 相手の協力なくして成立しない説,suiyoubinodowntown,WEDNESDAY DOWNTOWN,水曜日のダウンタウン
4,2014-05-28,Episode 005,裁判官 笑いにめちゃくちゃ強い説 ・ 鎖鎌 最弱説 ・ かえるぴょこぴょこ…難しすぎる説 ・ 冬眠から目覚めた熊 その日の夜はさすがに眠くならない説,suiyoubinodowntown,WEDNESDAY DOWNTOWN,水曜日のダウンタウン
5,2014-06-04,Episode 006,ウド鈴木 いい人行き過ぎてクレイジー説 ・ 勝俣州和の名前 漢字で書ける人0人説 ・ バケツリレー 実は効率悪いんじゃないか説 ・ ストッキング被って水に落ちるやつ 誰がやっても面白い説,suiyoubinodowntown,WEDNESDAY DOWNTOWN,水曜日のダウンタウン
6,2014-06-11,Episode 007,貧富の差 拡大してる説 ・ バラエティ番組の黒人枠 向こう10年ボビー説 ・ 下駄 世界一走りにくい履物説 ・ 二宮という人のあだ名 100%ニノ説,suiyoubinodowntown,WEDNESDAY DOWNTOWN,水曜日のダウンタウン
7,2014-06-18,Episode 008,くまモンの発音で熊本が割れている説 ・ 営業芸人No.1はテツandトモ説 ・ 福男 選ばれた時点でその年の運使い果たしてる説 ・ 結婚式でコブクロの「永遠にともに」使う人 絶滅説,suiyoubinodowntown,WEDNESDAY DOWNTOWN,水曜日のダウンタウン
8,2014-07-09,Episode 009,宇多田ヒカルの歌唱力 頭2つ抜けてる説 ・ ビートたけし 本気で弟子を売る気ない説 ・ 狩野英孝 実は大喜利最強説 ・ 野球モノマネ芸人 リアルにバッティング上手い説 ・ ランク王国のテーマ どうでもよすぎる説,suiyoubinodowntown,WEDNESDAY DOWNTOWN,水曜日のダウンタウン
9,2014-07-16,Episode 010,100歳の人の話 今聞いておかないと後悔する説 ・ コロッケ にらめっこ最強説 ・ 馬の前にニンジンをぶらさげても実際には走らないんじゃないか説 ・ 勉三さんを超える浪人生など存在しない説,suiyoubinodowntown,WEDNESDAY DOWNTOWN,水曜日のダウンタウン
10,2014-07-23,Episode 011,"室伏広治 ハンマー投げじゃなければ100億稼げてた説 ・ 売れてる芸人が連れてる後輩芸人 ほぼほぼポンコツ説 ・ スーパーで最も万引きされているのは刺身説 ・ 今dj hondaのキャップ被ってる人 誰も""h""の意味分かってない説",suiyoubinodowntown,WEDNESDAY DOWNTOWN,水曜日のダウンタウン
11,2014-07-30,Episode 012,尼崎 日本一愉快な街説 ・ くまだまさし 世界で通用する芸人No.1説 ・ 街中のコワモテがイヤフォンで聴いてる曲 やっぱり長渕説 ・ 東京都練馬区大泉学園町6丁目 陸の孤島説,suiyoubinodowntown,WEDNESDAY DOWNTOWN,水曜日のダウンタウン
12,2014-08-06,Episode 013,PL学園野球部 この世の地獄説 ・ 黒板消しのあのイタズラ 成功率0%説 ・ ロメロスペシャル 整体中にかけられても気付かない説,suiyoubinodowntown,WEDNESDAY DOWNTOWN,水曜日のダウンタウン
13,2014-08-13,Episode 014,ゆとり世代の学力 ヤバ過ぎる説 ・ 下積み時代の芸人 行き着く先は謎のバイト説 ・ ドレミの歌 突然の「ソは青い空」はいかがなものか説 ・ 小指の爪だけ伸ばしてる人 絶滅説,suiyoubinodowntown,WEDNESDAY DOWNTOWN,水曜日のダウンタウン
14,2014-08-27,Episode 015,テレビのヴォリューム100 不要説 ・ 10年に1人の逸材 10年に1人以上出ている説 ・ 数珠つなぎ6人で誰の電話番号にでもたどり着ける説 ・ イタコ バラエティ以外の使い道 謎説,suiyoubinodowntown,WEDNESDAY DOWNTOWN,水曜日のダウンタウン
15,2014-09-03,Episode 016,"芸人が今までで""一番面白かった瞬間""は誰が見ても面白い説 ・ モノマネ芸人に音痴いない説 ・ 野村克也 著書の中でエピソードの再生もすごい説",suiyoubinodowntown,WEDNESDAY DOWNTOWN,水曜日のダウンタウン
16,2014-09-10,Episode 017,「まわしが取れたら負け」以上に不可解なスポーツのルールはないんじゃないか説 ・ 刑務所を出て最初に食べたいもの ファストフード説 ・ 20歳を超えたサーファーに童貞などいない説,suiyoubinodowntown,WEDNESDAY DOWNTOWN,水曜日のダウンタウン
17,2014-10-22,Episode 018,むつみ荘 都内で最もお得説 ・ 双子の対決 なんだかんだで引き分け説 ・ ざわちん 似顔絵描かせたら上手い説 ・ 2千円札 沖縄の中だけで流通している説,suiyoubinodowntown,WEDNESDAY DOWNTOWN,水曜日のダウンタウン
18,2014-10-29,Episode 019,オネエが好きな芸能人No.1 山田ルイ53世説 ・ 勝俣州和の自伝が電車の網棚に置かれていても持って帰る人0人説 ・ ネットに転がる芸能人のイイ話 ほぼほぼデマ説 ・ 絵描き歌 知っていなければ絶対に描けない説 ・ FBI透視捜査官だったらアメリカ横断ウルトラクイズの〇×にダイブするヤツ問題が分からなくても泥まみれにならない説,suiyoubinodowntown,WEDNESDAY DOWNTOWN,水曜日のダウンタウン
19,2014-11-05,Episode 020,マンガのあるある 成功率0％説 ・ テキ屋 インチキ説 ・ 中華街のコンビニで肉まん買うヤツ マジで0人説 ・ 全国のご家庭のAIBO 瀕死説,suiyoubinodowntown,WEDNESDAY DOWNTOWN,水曜日のダウンタウン
20,2014-11-12,Episode 021,蛭子能収を超えるクズ そうそういない説 ・ アンガールズ田中の母親 業界で一番NGが少ない説 ・ 甲子園の応援団 どんな曲でも最後「かっとばせ～」につなげられる説,suiyoubinodowntown,WEDNESDAY DOWNTOWN,水曜日のダウンタウン
21,2014-11-19,Episode 022,あらゆる業界の現役最年長で山本昌より活躍出来てる人いない説 ・ 徳永英明とMay J.で人気カバー曲 全て押さえてる説 ・ ベタな名前の山田太郎 太郎はともかく山田は謎説,suiyoubinodowntown,WEDNESDAY DOWNTOWN,水曜日のダウンタウン
22,2014-11-26,Episode 023,替え歌 いまだに嘉門達夫が最強説 ・ 美人ならヒッチハイク本州縦断の旅 1日で終わる説 ・ 始球式でストライクを投げた女性いない説,suiyoubinodowntown,WEDNESDAY DOWNTOWN,水曜日のダウンタウン
23,2014-12-03,Episode 024,レオパルドンよりも一瞬で殺されたものなどいない説 ・ 女子中高生の人気No.1芸人NON STYLE そんなわけない説 ・ 浪速の〇〇 何でもあり説 ・ コロナの瓶に入ったライム 処分する人めちゃ困ってる説,suiyoubinodowntown,WEDNESDAY DOWNTOWN,水曜日のダウンタウン
24,2014-12-10,Episode 025  season finale,大友康平 普通にも歌える説 ・ クワマンの箸の持ち方 信じられない説 ・ 「おべんとうばこのうた」のおかず 渋すぎる説 ・ 布袋のギターを遠目から携帯で撮影するとQRコードと認識されどこかのホームページに飛ぶんじゃないか説 ・ ジャイアントスイング かけた方とかけられた方のダメージ とんとん説 ・ 村会議員なら誰でもなれる説 ・ 漢字4文字以上の苗字で名前が3文字以上の人の親 どうかしてる説 ・ 香川県のソバ屋でうどん置いてる店 マジで0軒説 ・ ハイキングウォーキング もうさすがにコーラ一気飲みしてもゲップをせずに山手線の駅名 全部言える説 ・ 現実に2度見なんて無い説 ・ 目出し帽 犯罪者しか買ってない説 ・ ボルゾイを飼っている人の自宅 豪邸説 ・ 一発屋のライブ 一発の曲を歌うのはやっぱりラスト説 ・ 芸人の宣材写真 総じて古すぎる説 ・ 今の小学生 かっけ検査しても反応しない説 ・ ボロボロの自販機 実は中身入ってるんじゃないか説 ・ ぴの ボルトより速い説,suiyoubinodowntown,WEDNESDAY DOWNTOWN,水曜日のダウンタウン
25,2015-01-07,Episode 026,天龍源一郎以上のハスキーいない説 ・ バレーボールマシン バラエティでしか使っていない説 ・ ハマダー生存説 ・ 「ざます」をマジで使っている金持ちなどいない説,suiyoubinodowntown,WEDNESDAY DOWNTOWN,水曜日のダウンタウン
26,2015-01-14,Episode 027,忘年会の日本エレキテル連合 地獄説 ・ 金田一のトリック アクロバティックすぎてほぼSASUKE説 ・ 子役の泣きスイッチ たいてい母親を殺している説 ・ シンバルだけで食べている人などいない説,suiyoubinodowntown,WEDNESDAY DOWNTOWN,水曜日のダウンタウン
27,2015-01-21,Episode 028,一番痛い凶器 なんだかんだでパイプ椅子説 ・ テレビ番組のBGM ロッキーに頼りすぎ説 ・ 子供は正直者というが実は意外に気を使っている説 ・ 床屋 ほぼゴルゴ置いてある説,suiyoubinodowntown,WEDNESDAY DOWNTOWN,水曜日のダウンタウン
28,2015-01-28,Episode 029,2014年 一番ドッキリにかけられたの俺説 ・ 罰ゲームの足ツボ ヒクソン・グレイシーでもギブアップする説 ・ ブックオフの福袋 買うヤツどうかしてる説 ・ コインランドリーで年越しちゃうヤツ 人生に絶望してる説,suiyoubinodowntown,WEDNESDAY DOWNTOWN,水曜日のダウンタウン
29,2015-02-04,Episode 030,林家ペー ピンクの服しか持っていない説 ・ タメ口ハーフ 年下にタメ口きかれても 怒る訳にいかない説 ・ 早食い対決 メニューが餅ならジャイアント白田よりすすり餅おじいさんの方が強い説 ・ アパートに住んでるフェラーリオーナー マジで0人説 ・ 獅子舞 プロがやっても たむけんがやっても 大差ない説,suiyoubinodowntown,WEDNESDAY DOWNTOWN,水曜日のダウンタウン
30,2015-02-18,Episode 031,バレンタインの定番曲 むこう100年「バレンタイン・キッス」説 ・ さすがのヨネスケでもカメラなしでは晩ごはん食べさせてもらえない説 ・ 「箱の中身は何だろな？」クイズ王ならマジで当てられる説 ・ ジャイアント白田と篠原信一 そっくりだから何かと互角説,suiyoubinodowntown,WEDNESDAY DOWNTOWN,水曜日のダウンタウン
31,2015-03-04,Episode 032,携帯の予測変換「す」に絶対「すみません」入ってる説 ・ ウーマンラッシュアワー村本以上にコンビ解散してるクズいない説 ・ ボクサー じゃんけんの時 やっぱりグー出しがち説 ・ 天龍源一郎以上のハスキーいない説,suiyoubinodowntown,WEDNESDAY DOWNTOWN,水曜日のダウンタウン
32,2015-03-11,Episode 033,オファーがないだけで人知れず眠ってる歌うまタレント存在する説 ・ 外見の自己評価「上の上」って言う女子0人説 ・ プロ野球のヒーローインタビュー 第一声は必ず「そうですね」説 ・ 網で上げて捕獲するやつ 落とし穴より面白い説,suiyoubinodowntown,WEDNESDAY DOWNTOWN,水曜日のダウンタウン
33,2015-03-18,Episode 034,パー子の笑い声を足したらVTR3割増しで面白くなる説,suiyoubinodowntown,WEDNESDAY DOWNTOWN,水曜日のダウンタウン
34,2015-04-15,Episode 035,面白いミックスルール対決 まだまだある説 ・ ・ベン・ジョンソン vs お坊さん「正座100m走」 ・ ・アーチェリー選手 vs ジョッキー「流鏑馬」 ・ ・大食い日本一 vs ボウリング日本一「大食いボウリング」 ・ 松本人志 メキシコからきた謎のマスクマンとしてプロレス会場に登場してもバレない説 ・ 「結果発表」のコールが日本一上手いの浜田雅功説,suiyoubinodowntown,WEDNESDAY DOWNTOWN,水曜日のダウンタウン
35,2015-04-22,Episode 036,アスリートが仕掛け人のドッキリ 大根すぎて逆に面白いんじゃないか説 ・ 大阪人でも本物そっくりの拳銃でバーンとやられたら さすがに「やられたー」とは言わない説 ・ 年金貰ってるドレッドなどいない説 ・ オシャレ女子が首から下げてる一眼レフには雲・猫・ラテアートのいずれかの写真が入ってる説,suiyoubinodowntown,WEDNESDAY DOWNTOWN,水曜日のダウンタウン
36,2015-04-29,Episode 037,ホトトギス 肝心の鳴き声 誰も知らない説 ・ とにかく明るい安村の全裸に見えるポーズのネタ ものすごく太っている人なら穿いていなくても安心説 ・ 最も足の臭い芸能人 ドクターフットに聞けば分かる説 ・ 半チャーハン 半分より少ない説 ・ ハンチングを被ってる人 8割方ハゲてる説 ・ 忘年会で使った日本エレキテル連合グッズ もう捨てられてる説 ・ 誕生日ケーキのロウソク 80本が限界説 ・ ドリフのセット転換の曲をかけたら店の回転率上がる説 ・ サーティワンのダブル 同じ味で頼むヤツ0人説 ・ クールポコ。ネタをやり続ければマジで餅 完成する説 ・ SADSの「忘却の空」サビを一発で聞き取れる人 0人説 ・ ぼんちおさむ 溜めて言えば何でも面白い説 ・ 小さい「ヮ」シークヮーサー以外に使い道ない説 ・ ヘッドスライディング 赤字説 ・ ネット検索のヒット数 最も多い芸人「和牛」説 ・ 井森ダンス もう見られない説,suiyoubinodowntown,WEDNESDAY DOWNTOWN,水曜日のダウンタウン
37,2015-05-06,Episode 038,ドラマの電車と並走するシーン ベン・ジョンソンならホームの端まで並走できる説 ・ 尼崎ならありとあらゆる芸人ランキングでダウンタウンが1位説 ・ オネエとオナベ 相撲をとったらトントン説 ・ 受験で合格してテンションの上がった学生 勢いで何でも答えてくれる説,suiyoubinodowntown,WEDNESDAY DOWNTOWN,水曜日のダウンタウン
38,2015-05-20,Episode 039,有名人の身内 気をつけないと悪いモノマネ芸人にオレオレ詐欺で騙される説 ・ 「早朝」をつけたら何でも面白くなる説 ・ ハライチのノリボケ漫才 漫才のフォーマットとして最強説 ・ とにかく明るい安村 全裸に見えるポーズで1日過ごせる説,suiyoubinodowntown,WEDNESDAY DOWNTOWN,水曜日のダウンタウン
39,2015-05-27,Episode 040,アントニーの相方 誰も知らない説 ・ 松野明美を超える大根などいない説 ・ どんなアーティストにも外見を寄せにいってるファンいる説,suiyoubinodowntown,WEDNESDAY DOWNTOWN,水曜日のダウンタウン
40,2015-06-03,Episode 041,SNSを張り込んでいれば芸能人に会える説 ・ ごきげんよう大賞のトロフィー 絶対家に飾ってある説 ・ Tシャツに書いてある2ケタ数字 23が一番多い説 ・ 天龍源一郎以上のハスキーいない説,suiyoubinodowntown,WEDNESDAY DOWNTOWN,水曜日のダウンタウン
41,2015-06-10,Episode 042,美人の変顔しょうもない説 ・ オファーがないだけで人知れず眠ってる歌うまタレント まだまだ存在する説 ・ パンパンのリュック背負ってる社長 マジで0人説 ・ 内陸国 海軍要らない説,suiyoubinodowntown,WEDNESDAY DOWNTOWN,水曜日のダウンタウン
42,2015-07-08,Episode 043,SASUKE 猿なら完全制覇できる説 ・ 大食いミックスルール対決第3弾 「大食いクイズ」 ・ 怪談のオチの定番「お前だー」一番上手いの大仁田厚説 ・ 松本人志 ロシアのスパイ説,suiyoubinodowntown,WEDNESDAY DOWNTOWN,水曜日のダウンタウン
43,2015-07-15,Episode 044,徳川慶喜を生で見た事がある人 まだギリこの世にいる説 ・ どんなプロにでも10人束になれば勝てる説 ・ ルー大柴 英語禁止ボウリング 最弱説 ・ すき家築地店でまぐろ丼頼むヤツ マジで0人説,suiyoubinodowntown,WEDNESDAY DOWNTOWN,水曜日のダウンタウン
44,2015-07-22,Episode 045,歌うま外国人なら日本人アーティストの歌モノマネも上手い説 ・ アスリート 日常生活にも競技の動きついつい出ちゃう説 ・ 芸名に「くん」とか「ちゃん」が付く人 後輩からは「くん」とか「ちゃん」の部分を「さん」に変えて呼ばれてる説 ・ 連続1位の記録 意外なモノにストップされてる説,suiyoubinodowntown,WEDNESDAY DOWNTOWN,水曜日のダウンタウン
45,2015-07-29,Episode 046,「あなたの奥さん誰に似てますか?」と聞かれた旦那の回答 基本 目線下げてくる説 ・ 苗字と名前の組み合わせが絶妙な人 結婚が原因としか考えられない説 ・ 関東の師匠の方が関西の師匠より面白い説,suiyoubinodowntown,WEDNESDAY DOWNTOWN,水曜日のダウンタウン
46,2015-08-05,Episode 047,知り合いで一番面白い人を紹介してもらっていくと最終的に松本人志にたどり着く説 ・ 日本地図 四国がオーストラリアに変わっていても意外と気付かない説 ・ 宇多田ヒカル/First Loveの「誰を思ってるんだろう」の部分 カラオケで全員「誰を思ってるんだはー」と歌う説 ・ 一発ギャグ芸人 全員ひじとひざのギャグ持ってる説,suiyoubinodowntown,WEDNESDAY DOWNTOWN,水曜日のダウンタウン
47,2015-08-12,Episode 048,芸人が今までで一番面白かった瞬間は誰が見ても面白い説 ・ タマちゃんを見守る会 まだ見守ってる説 ・ 夏の沖縄で日サロに行くヤツ どうかしてる説,suiyoubinodowntown,WEDNESDAY DOWNTOWN,水曜日のダウンタウン
48,2015-08-19,Episode 049,ゴミ屋敷の住人 意外と何がどこにあるか把握してる説 ・ 人から借りパクしているモノ 最も多いのファミコンのカセット説 ・ 暖房と冷房2台同時につけたら室温微動だにしない説 ・ アダルトショップから出てきて取材受けてくれる人 マジで0人説,suiyoubinodowntown,WEDNESDAY DOWNTOWN,水曜日のダウンタウン
49,2015-09-09,Episode 050,バラエティで一番こすられてる昔の写真 オレの説 ・ 成城じゃないのに成城を名乗る図々しい店 山ほどある説 ・ きびだんごでは犬・猿・キジは手なずけられない説 ・ ミックスルール対決 「素潜りクイズ」,suiyoubinodowntown,WEDNESDAY DOWNTOWN,水曜日のダウンタウン
50,2015-09-16,Episode 051,下層YouTuber 地獄説 ・ 早朝シリーズ第2弾「早朝十種」 ・ 国道1号線に落ちてる服を拾いながら歩いたら名古屋くらいで全身揃う説,suiyoubinodowntown,WEDNESDAY DOWNTOWN,水曜日のダウンタウン
51,2015-09-30,Episode 052,番組ゆかりの隠れ歌うまメンバーによる「We Are The World」 ・ ・オファーがないだけで人知れず眠ってる歌うまタレント存在する説 ・ ・SASUKE 猿なら完全制覇できる説 ・ ・ロメロスペシャル 整体中にかけられても気付かない説 ・ ・歌うま外国人なら日本人アーティストの歌モノマネも上手い説 ・ ・天龍源一郎以上のハスキーいない説(#032 2015.03.04) ・ ・「早朝」をつけたら何でも面白くなる説,suiyoubinodowntown,WEDNESDAY DOWNTOWN,水曜日のダウンタウン
52,2015-10-07,Episode 053,ボビー・オロゴン 白くしたら〇〇にソックリ説 ・ ダンソンでホンモノの鹿 よってくるんじゃないか説 ・ 腕時計を見る時 全員グー説 ・ 内藤大助 DJ KOOに扮装して街を歩いてもバレない説 ・ 「婆さんや」という爺さんいない説 ・ 五木ひろし 握力強い説 ・ バールのようなもの バール説 ・ スタン・ハンセンのあの雄叫び 実は「ウィー」ではない説 ・ カラオケの女子十二楽坊 謎説 ・ ポール・マッカートニー 知らない人が見たらおばあさん説 ・ 「田中」のハンコ ひっくり返したら「中田」でもいける説 ・ 東京23区のぼっとん便所 絶滅説 ・ 芸人の名前だけでいい感じの歌詞作れる説 ・ ポンセ さすがにもうマリオ感ない説 ・ リウマチに効かない温泉などない説 ・ 富士サファリパークの歌の人 和田アキ子のモノマネメチャクチャ上手いんじゃないか説 ・ ウ〇コさん・チ〇コさん 存在する説,suiyoubinodowntown,WEDNESDAY DOWNTOWN,水曜日のダウンタウン
53,2015-10-28,Episode 054,美女と野獣のカップルはいるが その逆はいない説 ・ 浜田の似顔絵を描かせたら全員くちびるを強調する説 ・ 芸人のお馴染みのくだり 素人にフラれてもなんだかんだでやる説 ・ お試し特番のMC設定 「所長」が一番多い説,suiyoubinodowntown,WEDNESDAY DOWNTOWN,水曜日のダウンタウン
54,2015-11-04,Episode 055,女芸人の中で一番ビジネスキスしてるの私説 ・ UFOに連れ去られた人が集まれば もちろん答え一致する説 ・ アンパンマン風のグレーなパン 横行してる説 ・ 横山ホットブラザーズを知らない世代にあの音を聞かせたら 絶対に「お前はアホか」には聞こえない説,suiyoubinodowntown,WEDNESDAY DOWNTOWN,水曜日のダウンタウン
55,2015-11-11,Episode 056,ハンマー投日本2位 誰も知らない説 ・ どんな美人でも免許証では7割の力しか出せない説 ・ 矢沢ファン 基本 車のナンバー「830」にしてる説 ・ 近年のプロレス 表現の幅 広がってる説,suiyoubinodowntown,WEDNESDAY DOWNTOWN,水曜日のダウンタウン
56,2015-11-25,Episode 057,2015年のハロウィン さすがにHGの仮装いない説 ・ 芸人なのにエビの食レポで「プリプリ」使ったら終わり説 ・ ちくわぶとタージンの知名度 関東と関西でちょうど真逆の結果 出る説,suiyoubinodowntown,WEDNESDAY DOWNTOWN,水曜日のダウンタウン
57,2015-12-09,Episode 058,2015年 最も学園祭に呼ばれたの俺説 ・ 帰巣本能 ハトよりヒトの方が優れてる説 ・ 水族館の水槽 ウニの代わりに栗が入っていても気付かない説,suiyoubinodowntown,WEDNESDAY DOWNTOWN,水曜日のダウンタウン
58,2015-12-16,Episode 059  season finale,芸能人 自分のLINEスタンプ一応持ってる説 ・ プレゼントで一番喜ぶ子供 ウチの子供説 ・ 大事にされていない歴史的な場所 意外とある説,suiyoubinodowntown,WEDNESDAY DOWNTOWN,水曜日のダウンタウン
59,2016-01-02,Episode 060,2015年 一番ドッキリにかけられたの俺説 ・ 荒れる成人に童貞いない説 ・ カラオケボックスで年越しする客 新年一発目はやっぱり盛り上がる曲説 ・ ウ○コさん・チ○コさん 存在する説 ・ クロちゃん TBSの連ドラ出演が決まってメチャクチャ勘ぐってる説,suiyoubinodowntown,WEDNESDAY DOWNTOWN,水曜日のダウンタウン
60,2016-02-03,Episode 061,松野明美 何でも信じる説 ・ 7つの言語経由したら さすがに話の意味変わってくる説 ・ 水戸なら 今でも印籠の効果あるんじゃないか説 ・ ちゃんこの味と相撲の強さ その両方を兼ね備えた店こそ最強のちゃんこ屋説,suiyoubinodowntown,WEDNESDAY DOWNTOWN,水曜日のダウンタウン
61,2016-02-10,Episode 062,昔のあだ名 容赦ない説 ・ 「スシ食いねェ!」曲のテンポで歌詞通りに寿司食うの不可能説 ・ ボディブロー じわじわ効いてこない説 ・ スキャットマンでカラオケ100点取るの不可能説,suiyoubinodowntown,WEDNESDAY DOWNTOWN,水曜日のダウンタウン
62,2016-02-17,Episode 063,ZARD 曲のタイトル絶対サビに持ってくる説 ・ 早朝リアル脱出ゲーム ・ 「あなたは○○で拾った子なのよ」ネタ 2016年も1位は橋の下説 ・ 鬼の角 1本と2本だったら2本が主流説,suiyoubinodowntown,WEDNESDAY DOWNTOWN,水曜日のダウンタウン
63,2016-02-24,Episode 064,SNSを張り込んでいれば芸能人に会える説 ・ どんなモノでも 一週間煮込めば一緒説 ・ 松本人志の親戚 さすがに10親等離れたらその自覚ない説 ・ 人生で1度もホームラン打ったことないプロ野球選手などいない説 ・ 浜田雅功の「結果発表」でカラス撃退できる説 ・ この3人のやつ 誰がやっても面白い説,suiyoubinodowntown,WEDNESDAY DOWNTOWN,水曜日のダウンタウン
64,2016-03-02,Episode 065,美人なら芸能人の電話番号1つは知ってる説 ・ 説教食らった後 カラオケで明るい曲は歌いづらい説 ・ 空手家 日常会話でも「押忍」ついつい出ちゃう説 ・ K-1やM-1みたいな○-1グランプリ AからZまで全て存在する説,suiyoubinodowntown,WEDNESDAY DOWNTOWN,水曜日のダウンタウン
65,2016-03-16,Episode 066,受験シリーズ第2弾 大学合格リアクションクイズ ・ おじいさん 愛する孫の描いた自分の似顔絵なら絶対分かる説 ・ 土下座 効果絶大説 ・ ノブコブ吉村 破天荒の意味すぐ忘れちゃう説,suiyoubinodowntown,WEDNESDAY DOWNTOWN,水曜日のダウンタウン
66,2016-03-23,Episode 067,ランク王国とSPコラボ 渋谷の女性200人に聞いたもう一度見たい説TOP10,suiyoubinodowntown,WEDNESDAY DOWNTOWN,水曜日のダウンタウン
67,2016-04-02,Episode 068,ツッコミ芸人 日常生活でも常にツッコミのスイッチ入ってる説 ・ ゲーム×現実 ミックスカート対決 ・ ものまねショーに本人がそっくりさんとして出ても意外と気付かれない説 ・ 日本一多い曲のタイトル「さくら」説 ・ ダウンタウンに1番詳しいのは誰だ?ダウンタウンクイズ(ダウンタウンのこと 本人よりもマニアの方が詳しいんじゃないか説),suiyoubinodowntown,WEDNESDAY DOWNTOWN,水曜日のダウンタウン
68,2016-04-27,Episode 069,バンジーの直後 ちょっと身長伸びてる説 ・ 布袋のギター あみだくじも出来る説 ・ 猿ぐつわ そこそこ喋れる説 ・ 林先生、針すなおが似顔絵描いたらメチャしっくりくる説 ・ 雨の日はフィレオフィッシュがよく出る説 ・ ハリセンボン春菜 じゃねーものだけでカルタ作れる説 ・ 背中にバカとかの紙を貼られるイタズラ 自力で気付くの不可能説 ・ 剣道部の小林、あだ名ケンコバ説 ・ おじさんのシュート トーキック説 ・ 「どしどし」の後に続く言葉「応募」以外ない説 ・ いなごの佃煮に虫が入っていても「すみません 虫入ってるんですけど」とは言わない説 ・ 誰もいない部屋にプロレスマスクがあったら誰でも一度は被ってみたくなる説 ・ 「ゆで太郎」創業者の写真 盛ってる説 ・ ジッタリンジン「プレゼント」の歌詞に出てくるモノ 全て揃う説 ・ 貞子の曲のタイトル、誰も知らない説 ・ 電話で音声途切れた時「もしもし」いろんなパターンで言う説,suiyoubinodowntown,WEDNESDAY DOWNTOWN,水曜日のダウンタウン
69,2016-05-04,Episode 070,「スシ食いねェ!」曲のテンポで歌詞通りに寿司食うの不可能説(ダブルス) ・ 相模が相撲になっていても気付かない説 ・ アフリカ人なら どの国のアフリカ人だか分かる説 ・ 魚顔 視野広い説,suiyoubinodowntown,WEDNESDAY DOWNTOWN,水曜日のダウンタウン
70,2016-05-11,Episode 071,街で「ファンなんです」と声をかけてくるファンに限ってたいしたファンじゃない説 ・ 新築で和式便所入れるヤツ マジで0人説 ・ 楽屋で小道具盗まれた芸人の営業 地獄説 ・ 歌うまスポーツマン No.1決定戦,suiyoubinodowntown,WEDNESDAY DOWNTOWN,水曜日のダウンタウン
71,2016-05-25,Episode 072,高齢者のウソほど見破れない説 ・ 坂の上から転がってくるオレンジ 拾わない人などいない説 ・ 花見のゴミを集めて桜前線と共に北上すれば そのゴミで作った船で津軽海峡渡れる説,suiyoubinodowntown,WEDNESDAY DOWNTOWN,水曜日のダウンタウン
72,2016-06-01,Episode 073,ユニークな墓石に入ってる人 それなりの逸話ある説 ・ 歌詞に出てくる年齢 0歳から100歳まで全部揃う説 ・ 親の変顔 絶対笑っちゃう説 ・ 100kg超えの70代などいない説,suiyoubinodowntown,WEDNESDAY DOWNTOWN,水曜日のダウンタウン
73,2016-06-08,Episode 074,ミックスルール対決 五目並べ×わんこそば ・ 悪いマジシャンに本気出されたら万引きGメンでも見抜けない説 ・ 10回クイズ 初回は絶対食らっちゃう説 ・ 麦茶だと思って めんつゆ飲んでしまったら100%吐き出す説,suiyoubinodowntown,WEDNESDAY DOWNTOWN,水曜日のダウンタウン
74,2016-06-15,Episode 075,ゲーム×現実 ミックスカート対決第2弾 ・ 空腹より満腹の方が実はツライ説 ・ 変態仮面 マジでやったら正体モロ分かり説 ・ ゲーム×現実 SASUKEマリオ ・ 恵俊彰 ファン1人説 ・ 本当にファンに優しいのは浜田じゃなくて松本説 ・ グラビアアイドルでも芸人の言う通りコメントすれば面白い説,suiyoubinodowntown,WEDNESDAY DOWNTOWN,水曜日のダウンタウン
75,2016-06-29,Episode 076,32歳で孫できた女性 存在する説 ・ オファーがないだけで人知れず眠ってる歌うまタレント まだまだ存在する説 ・ 都内の公営ギャンブル場で野球帽オジサン プロ野球12球団コンプリートできる説 ・ 「お会計はもう頂いております」のやつ 毎食続いたらめちゃくちゃ怖い説 ・ 巨乳 運動不向き説,suiyoubinodowntown,WEDNESDAY DOWNTOWN,水曜日のダウンタウン
76,2016-07-06,Episode 077,街でバンドT着てる人 そのバンドのイントロクイズに答えられなかったらTシャツ没収されても文句言えない説 ・ 歳を取れば取るほど1日が短く感じる説 ・ 真夜中にデカいサングラスかけてる人スーパースターじゃないと説明つかない説 ・ 日本の建物「4」気にしすぎ説,suiyoubinodowntown,WEDNESDAY DOWNTOWN,水曜日のダウンタウン
77,2016-07-13,Episode 078,SNSのアイコンが2ショットの場合 かわいい方が本人説 ・ 操り人形でも伝言ゲームできる説 ・ 自分の商売道具 完璧に把握していなければプロ失格説 ・ 時速300kmのピッチングマシンならバントでホームランできる説,suiyoubinodowntown,WEDNESDAY DOWNTOWN,水曜日のダウンタウン
78,2016-07-20,Episode 079,美女のスマホに入っている「オモシロ画像」しょうもない説 ・ 福神漬けに入ってるあのひょうたんみたいな形のやつ名前分かる人マジで0人説 ・ 逆ドッキリ 逆逆逆くらいまでいくと疑心暗鬼になる説 ・ 本当に一番滑舌が悪いプロレスラー 前田日明説,suiyoubinodowntown,WEDNESDAY DOWNTOWN,水曜日のダウンタウン
79,2016-08-03,Episode 080,「芸能人でいうと誰に似てますか?」一番上と一番下 合成したら本人にそっくり説 ・ 芸能人の名前に入っている食べ物しか食べられなくても1週間はギリ生きられる説 ・ 幼少期を演じた子役 大人になったらやっぱりその俳優に似てる説,suiyoubinodowntown,WEDNESDAY DOWNTOWN,水曜日のダウンタウン
80,2016-08-10,Episode 081,オルガを超える打算なしの年上女房など存在しない説 ・ 流行った芸人のネタ もれなくリズムゲームになってる説 ・ 「開けたら人がいる」が結局一番怖い説 ・ どんな競技にも「ミスター」いる説,suiyoubinodowntown,WEDNESDAY DOWNTOWN,水曜日のダウンタウン
81,2016-08-24,Episode 082,有名人の素人時代やはり頭一つ抜きん出てる説 ・ マジで死ぬかと思ったエピソード 誰でも1つは持ってる説 ・ 東京駅で八ツ橋買う人 アリバイ工作以外考えられない説,suiyoubinodowntown,WEDNESDAY DOWNTOWN,水曜日のダウンタウン
82,2016-08-31,Episode 083,有名人の身内 気をつけないと悪いモノマネ芸人にオレオレ詐欺で騙される説 ・ 地震の専門家が住んでる街が一番安全説 ・ ビンを割って武器にするの なかなか難しい説,suiyoubinodowntown,WEDNESDAY DOWNTOWN,水曜日のダウンタウン
83,2016-09-07,Episode 084,芸人知名度格差コンビランキング2016 ・ 催眠術 最強説 ・ 砂浜に埋められてる人 取材受けざるを得ない説 ・ 胴上げ 自力で降りるの不可能説,suiyoubinodowntown,WEDNESDAY DOWNTOWN,水曜日のダウンタウン
84,2016-09-21,Episode 085,水曜日のダウンタウン モノマネ芸人に頼りすぎ説 ・ ・有名人の身内 気をつけないと悪いモノマネ芸人にオレオレ詐欺で騙される説 (#039 2015.05.20) ・ ・歌うま外国人なら日本人アーティストの歌モノマネも上手い説 ・ ・ものまねショーに本人がそっくりさんとして出ても意外と気付かれない説 ・ ・野球モノマネ芸人 リアルにバッティング上手い説,suiyoubinodowntown,WEDNESDAY DOWNTOWN,水曜日のダウンタウン
85,2016-10-12,Episode 086,ヒトvs家畜 大食いミックスルール対決 ・ 事故物件 霊能者なら部屋に入るだけで何があったか分かる説 ・ ナニワ金融道に出てくる会社の名前 意外と実在する説 ・ じいさんの服 50代後半くらいに買ったので粘ってる説,suiyoubinodowntown,WEDNESDAY DOWNTOWN,水曜日のダウンタウン
86,2016-10-26,Episode 087,どんなにバレバレのダメドッキリでも芸人ならつい乗っかっちゃう説 ・ 入ったお店に後輩がいて奢らざるをえないパターン 毎食続いたらめちゃくちゃしんどい説 ・ 23区内で最寄りのコンビニまで徒歩10分以上かかる家 マジでしんどい説 ・ 今 サングラスをケミストリー川畑式でかけてるヤツ マジで0人説,suiyoubinodowntown,WEDNESDAY DOWNTOWN,水曜日のダウンタウン
87,2016-11-02,Episode 088,レンタルビデオ店で入荷以来 一度も借りられてないやつ 逆に興味ある説 ・ 若手タレント ベテラン芸能人になんとなくで挨拶してる説 ・ メリケンサック 最近の若者が見ても用途ピンとこない説 ・ ピアス10個以上開けてるヤツ 全員金髪経験ある説,suiyoubinodowntown,WEDNESDAY DOWNTOWN,水曜日のダウンタウン
88,2016-11-09,Episode 089,ポケットに知らないお金が入ってたらさすがにネコババしちゃう説 ・ 幽霊自転車 競技にしたらそこそこ盛り上がる説 ・ 誇張するタイプの似顔絵師 怖い客には誇張弱くなる説 ・ 達成までの道のりが果てしない無理めなポイントカード結構ある説,suiyoubinodowntown,WEDNESDAY DOWNTOWN,水曜日のダウンタウン
89,2016-11-16,Episode 090,豆 10秒に1粒なら永遠に食える説 ・ パラパラ 速度を落としたら盆踊り説 ・ 雑誌広告の札束風呂 絶対後入れ説 ・ クマ シャケよりハチミツより結局肉が好き説 ・ クロちゃんにCMの仕事が入ったので送迎してみた ・ 賞レースで優勝したらマジで見に覚えの無いヤツからも連絡来る説 ・ パー子 にらめっこ最弱説 ・ パンダ 洗った方がいい説 ・ ジャルジャル福徳○○(ワイナイナ)にソックリ説 ・ 「布袋」この漢字 布袋の曲が流れている状態で「何と読みますか？」と聞いたら さすがに「ぬのぶくろ」とは読まない説 ・ 時計を描く時 3時説 ・ 目隱しで連行されたら結果自宅に戻っていても気付かない説 ・ 口から万国旗を出すマジック 本当に万国だったらしんどい説 ・ レフェリー 押し並べてポロシャツ説 ・ 和井内さん あだ名ワイナイナ説 ・ ラジオ体操 知っていなければ絶対にできない説,suiyoubinodowntown,WEDNESDAY DOWNTOWN,水曜日のダウンタウン
90,2016-11-30,Episode 091,「待て」と言われた時 さすがに人なら犬より待てる説 ・ ベン・ジョンソンならどんな食い逃げ犯でも捕まえられる説 ・ にわかカープ女子 山ほどいる説 ・ バットにグローブを突き刺して持ち歩く磯野カツオスタイル 未だに存在する説,suiyoubinodowntown,WEDNESDAY DOWNTOWN,水曜日のダウンタウン
91,2016-12-07,Episode 092,替え歌 最強トーナメント 第2弾 ・ キライな食べ物も3日断食した後なら食える説 ・ 矢沢ファンの家でお茶こぼしてもYAZAWAタオルでは拭かない説,suiyoubinodowntown,WEDNESDAY DOWNTOWN,水曜日のダウンタウン
92,2016-12-21,Episode 093  season finale,最年少vs最年長 トントン説 ・ 偉人の子孫 教科書で自分の先祖には落書きしない説 ・ 現実との時間経過の乖離が最も激しい漫画「アカギ」説 ・ 船酔いする漁師などいない説,suiyoubinodowntown,WEDNESDAY DOWNTOWN,水曜日のダウンタウン
93,2017-01-25,Episode 094,お寿司の達人 第3弾 ・ 社長がバンザイやめない限り部下は絶対にやめられない説 ・ くすぐりも10分過ぎたらもう平気説,suiyoubinodowntown,WEDNESDAY DOWNTOWN,水曜日のダウンタウン
94,2017-02-01,Episode 095,びんぼっちゃまスタイルの服 立ち回り次第でバレずに一日過ごせる説 ・ 説教食らった後にカラオケで大塚愛の「さくらんぼ」歌われても さすがに「もう1回」の合いの手 入れづらい説 ・ 「ナッティ・プロフェッサー」のエディ・マーフィ以上に1人で何役もやってるヤツなどいない説 ・ ミスター押忍でも催眠術かけられたら「押忍」言えなくなる説,suiyoubinodowntown,WEDNESDAY DOWNTOWN,水曜日のダウンタウン
95,2017-02-08,Episode 096,足に鉄球つけられたことある日本人 まだギリいる説 ・ デブ 意外と少食説 ・ おバカタレント やりにいってる説,suiyoubinodowntown,WEDNESDAY DOWNTOWN,水曜日のダウンタウン
96,2017-02-15,Episode 097,2016年 一番ドッキリにかけられたの俺説 ・ アメとムチならムチの方が力出る説 ・ 海外で長期刑食らってたら その間の日本のことなんにも知らない説,suiyoubinodowntown,WEDNESDAY DOWNTOWN,水曜日のダウンタウン
97,2017-02-22,Episode 098,サンタじゃなくてオバケでもプレゼントさえ持ってくれば子供は喜ぶ説 ・ 後ろから「だーれだ」のやつ 知らない人にやられてもとりあえず誰か答える説 ・ 「よーいドンと言ったらスタートしてください」のやつ 不可避説 ・ 若手芸人「50音の何を言われても○○で返すネタ」についつい手を出す説,suiyoubinodowntown,WEDNESDAY DOWNTOWN,水曜日のダウンタウン
98,2017-03-01,Episode 099,番組公式LINEスタンプの元ネタを一挙公開 ・ ・本当にファンに優しいのは浜田じゃなくて松本説 ・ ・天龍源一郎以上のハスキーいない説 (#032 2015.03.04) ・ ・テキ屋 インチキ説 ・ ・下層YouTuber 地獄説 ・ ・マンガのあるある 成功率0％説 ・ ・宇多田ヒカル/First Loveの「誰を思ってるんだろう」の部分 カラオケで全員「誰を思ってるんだはー」と歌う説 ・ ・アスリートが仕掛け人のドッキリ 大根すぎて逆に面白いんじゃないか説 (#036 2015.04.22) ・ ・鎖鎌 最弱説 ・ ・「開けたら人がいる」が結局一番怖い説 ・ ・帰巣本能 ハトよりヒトの方が優れてる説 ・ ・花見のゴミを集めて桜前線と共に北上すれば そのゴミで作った船で津軽海峡渡れる説 ・ ・空手家 日常会話でも「押忍」ついつい出ちゃう説,suiyoubinodowntown,WEDNESDAY DOWNTOWN,水曜日のダウンタウン
99,2017-03-22,Episode 100,どんなにバレバレのダメドッキリでも芸人ならつい乗っかっちゃう説 第2弾 ・ 無人販売所の農家 相当なお人好し説 ・ 「後部座席に人がいる」が結局一番怖い説,suiyoubinodowntown,WEDNESDAY DOWNTOWN,水曜日のダウンタウン
100,2017-04-12,Episode 101,びんぼっちゃまスタイルの服 立ち回り次第でバレずに一日過ごせる説 ・ 頭脳と肉体を兼ね備えたコンビこそ最強説 ・ 赤と青 どっちかの線を切ったら止まるタイプの時限爆弾など実在しない説,suiyoubinodowntown,WEDNESDAY DOWNTOWN,水曜日のダウンタウン
101,2017-04-19,Episode 102,アンジャッシュ 食への興味の対比エグイ説 ・ ホームセンター×SASUKE ・ 昔ながらの商店街 とんでもなく年季の入った売れ残り商品ある説 ・ 毒霧 あらゆる競技で有効説,suiyoubinodowntown,WEDNESDAY DOWNTOWN,水曜日のダウンタウン
102,2017-04-26,Episode 103,カラオケ×ダンスダンスレボリューション ・ 音声さんの巴投げ 不可避説 ・ 街頭インタビューで「○○さんのファンです」と言ったら ご本人がロケ車から登場するやつ モノマネ芸人でもなんとかなる説 ・ 最新プリクラでメガ盛りすれば能面でも可愛くなる説 ・ 外野の最深部からでも300キロのピッチングマシンならタッチアップ刺せる説 ・ 落とし穴バトルロワイアル ・ テレビに出てる人の声 実はモノマネ芸人がアテレコしていても誰も気づかない説,suiyoubinodowntown,WEDNESDAY DOWNTOWN,水曜日のダウンタウン
103,2017-05-03,Episode 104,早弁先生 ・ 芸人が今までで一番スベった瞬間 逆に面白い説 ・ 吉幾三の「俺ら東京さ行ぐだ」と同じ状況の村 現存する説,suiyoubinodowntown,WEDNESDAY DOWNTOWN,水曜日のダウンタウン
104,2017-05-10,Episode 105,名字と下の名前の知名度格差が一番激しい芸人 ザキヤマ説 ・ どんなにありえない顔ハメ看板でも穴が開いていたら人はハメてしまう説 ・ 激戦区 どんなジャンルにもある説 ・ 日本と西洋の甲冑 性能トントン説,suiyoubinodowntown,WEDNESDAY DOWNTOWN,水曜日のダウンタウン
105,2017-05-17,Episode 106,「お疲れ様でした」「お」と「した」さえ合っていれば間は何でもいける説 ・ 知恵の輪 知恵より結局腕力説 ・ サンシャイン池崎なら寝起きでもフルテンションで自己紹介できる説 ・ 坊主のメガネ フチなし説 ・ 浮気現場写真 ホテルから全力疾走で出ればブレて正体バレない説 ・ SADSの「忘却の空」大友康平が歌ったら もう何がなんだかわからない説 ・ イクラ 10秒に1粒なら永遠に食える説 ・ iPhoneの着信音 隣の部屋で生演奏されたらついつい自分の携帯見ちゃう説 ・ ハリセンボン春菜 じゃねーヤツの顔全員合成したらちゃんと春菜になる説 ・ 矢口真里 説教食らった後にカラオケで「恋のダンスサイト」歌われてもさすがに「セクシービーム」入れづらい説 ・ クロちゃん 目隠し連行慣れすぎて一般人にやられてもついて行っちゃう説 ・ ワークマンと新日本ハウスの曲 いずれかを歌ったが最後 もう一方は2度と思い出せない説 ・ 卓球選手 ビンタ上手い説 ・ 往復ビンタ 復路痛くない説 ・ 芝犬の名前 洋風にするヤツマジで0人説 ・ 10回クイズ 氷室と10回言ったあと「布製」と言う文字を見たら思わず布袋と読んじゃう説 ・ 松野明美 ひったくり犯が逃げ込んだ先が陸上競技場だったらショートカットせず律儀にトラック回って追いかける説,suiyoubinodowntown,WEDNESDAY DOWNTOWN,水曜日のダウンタウン
106,2017-05-24,Episode 107,「起きたら人がいる」が結局一番怖い説 ・ 自分の中に潜む天使の声と悪魔の声 信じる子供はいるしそういう子供は天使の言うことを聞く説 ・ 採血ナースの飛びつき腕ひしぎ十字固め 不可避説 ・ 採寸衣装さんのジャーマンスープレックス 不可避説 ・ 物を拾ったところへのパワーボム 不可避説 ・ カメラマンのムーンサルトプレス 不可避説 ・ 100人以上のLINEグループに入ってる人 携帯鳴りっぱなし説,suiyoubinodowntown,WEDNESDAY DOWNTOWN,水曜日のダウンタウン
107,2017-05-31,Episode 108,自分の飼い犬 他人が散歩してても意外と気付かない説 ・ 知り合いで一番変わってる人を紹介してもらっていくと最終的にゴミ屋敷にたどり着く説 ・ 罰×リズムゲーム ・ 罰×ドミノ倒し,suiyoubinodowntown,WEDNESDAY DOWNTOWN,水曜日のダウンタウン
108,2017-06-07,Episode 109,先生のモノマネ プロがやったら死ぬほどウケる説 ・ ツッコミ 強ければ強いほど面白い説 ・ 店内BGM 有名曲が違う歌詞になっていても気付かない説 ・ 検尿のおしっこ持ってる時 人は無力説,suiyoubinodowntown,WEDNESDAY DOWNTOWN,水曜日のダウンタウン
109,2017-06-14,Episode 110,街頭インタビュー 芸能人と気付かれなかったら断らないまでもさすがに匂わす説 ・ No.1じゃない方芸人 もうそろそろ俺じゃない説 ・ 適用されたことのない罪名 山ほどある説,suiyoubinodowntown,WEDNESDAY DOWNTOWN,水曜日のダウンタウン
110,2017-06-21,Episode 111,お寿司の達人 第4弾 ・ パパ芸人 自分の子供が爆笑する鉄板ネタ持ってる説 ・ インポッシブル蛭川以上に額が狭い人などこの世にいない説,suiyoubinodowntown,WEDNESDAY DOWNTOWN,水曜日のダウンタウン
111,2017-06-28,Episode 112,売れてなくても芸人の彼女はカワイイ説 ・ 知られざる「日本一○○」山ほどある説 ・ サムギョプサル食ってる時に説教食らったら以降はサンチュ巻けない説,suiyoubinodowntown,WEDNESDAY DOWNTOWN,水曜日のダウンタウン
112,2017-07-05,Episode 113,芸人なら自分のネタと同じ状況が現実に起きたら完璧にツッコめる説 ・ スナックのママ ドラマみたいな恋してる説 ・ 飲食店の看板に一番多く描かれている生き物 うなぎ説,suiyoubinodowntown,WEDNESDAY DOWNTOWN,水曜日のダウンタウン
113,2017-07-19,Episode 114,早弁先生 第2弾 ・ ローションとトリモチ 混ぜたら打ち消し合って効果なくなる説 ・ 大人が本気出せば影だけ踏んで帰れる説 ・ 「全部のせ」ラーメン以外はのりきらない説,suiyoubinodowntown,WEDNESDAY DOWNTOWN,水曜日のダウンタウン
114,2017-07-26,Episode 115,曲のサビでちょうど涙は難しい説 ・ 女子中高生の人気No.1芸人 さすがにもうNON STYLEではない説 ・ 4畳半なのにTV65インチの人いる説 ・ 親切でおぶってあげたババアからのチョークスリーパー不可避説,suiyoubinodowntown,WEDNESDAY DOWNTOWN,水曜日のダウンタウン
115,2017-08-02,Episode 116,ダンボールの中に隠れながら尾行するやつ マジでやったらバレない説 ・ ホームランバーのバーでホームラン打てる説 ・ 巣鴨のご老人が持ってる薬を集めれば頭文字50音揃う説,suiyoubinodowntown,WEDNESDAY DOWNTOWN,水曜日のダウンタウン
116,2017-08-09,Episode 117,もろパクリ企画でもMC仕事ならついつい受けちゃう説 ・ 自分と同じTシャツ着てる人 本気で1日探せば見つかる説 ・ 高橋尚子のあだ名「Qちゃん」の由来 謎説,suiyoubinodowntown,WEDNESDAY DOWNTOWN,水曜日のダウンタウン
117,2017-08-23,Episode 118,クロちゃん 嘘ツイート監視企画 ・ 俺の実家 ボロさでは最強説 ・ 原価率が最も低い食べ物 かき氷説,suiyoubinodowntown,WEDNESDAY DOWNTOWN,水曜日のダウンタウン
118,2017-08-30,Episode 119,ピンポンダッシュで逃走中 ・ 芸人界一ダサいコンビ名 ロンドンブーツ1号2号説 ・ 小林幸子が小林辛子になっていても気付かない説,suiyoubinodowntown,WEDNESDAY DOWNTOWN,水曜日のダウンタウン
119,2017-09-06,Episode 120,替え歌 最強トーナメント 第3弾 ・ 自分の私物を他人が身に付けてても意外と気付かない説 ・ ミスター押忍 寝言でも「押忍」言っちゃう説,suiyoubinodowntown,WEDNESDAY DOWNTOWN,水曜日のダウンタウン
120,2017-09-13,Episode 121,激安店でのフードファイターvs高級店での一般人 ・ 人間の骨で折れていない骨など存在しない説 ・ カブトムシが大好きな子供でも予期せぬところにカブトムシがいたら喜ばない説 ・ サイン頼んだ相手がそっくりさんだったら気まずくなっちゃう説,suiyoubinodowntown,WEDNESDAY DOWNTOWN,水曜日のダウンタウン
121,2017-09-27,Episode 122,水曜日のダウンタウン VTR出演数ランキング ・ ・花見のゴミを集めて桜前線と共に北上すれば そのゴミで作った船で津軽海峡渡れる説 ・ ・替え歌 いまだに嘉門達夫が最強説 ・ ・アフリカ人なら どの国のアフリカ人だか分かる説 ・ ・「待て」と言われた時 さすがに人なら犬より待てる説 ・ ・クロちゃん 嘘ツイート監視企画 (未公開映像) ・ ・双子の対決 なんだかんだで引き分け説 ・ ・どんなにバレバレのダメドッキリでも芸人ならつい乗っかっちゃう説 ・ ・アメとムチならムチの方が力出る説 ・ ・下積み時代の芸人 行き着く先は謎のバイト説 ・ これまで出演した21の説を全て思い出せなければバンジー,suiyoubinodowntown,WEDNESDAY DOWNTOWN,水曜日のダウンタウン
122,2017-10-11,Episode 123,リアルスラムドッグミリオネア ・ 芸能界一寝たら起きないのジミー大西説,suiyoubinodowntown,WEDNESDAY DOWNTOWN,水曜日のダウンタウン
123,2017-10-18,Episode 124,世界で通用するネタNo.1 今ならRGのトランプ説 ・ ゴルフのルール 知らない人だったらどんなルールを課せられても信じる説 ・ 店名「◯◯ちゃん」ランキング→まっちゃんvsはまちゃんvsてっちゃん 店主対抗大縄跳び対決,suiyoubinodowntown,WEDNESDAY DOWNTOWN,水曜日のダウンタウン
124,2017-11-01,Episode 125,日本で一番有名な人 イチロー説 ・ ドラマのバスを追いかけるシーン ワイナイナなら終点まで追いかけられる説 ・ 適当に描いた似顔絵でも探しまくればそっくりな人見つかる説,suiyoubinodowntown,WEDNESDAY DOWNTOWN,水曜日のダウンタウン
125,2017-11-08,Episode 126,ブドウ 10秒に1粒なら永遠に食える説 ・ アキラ100％ 最先端のハイスピードカメラなら お盆の向こう側見える説 ・ 日村から梨花に画像を変化させてる途中 いいとこで止めると佐藤栞里説 ・ ヤシの木が1本だけ生えてるあの感じの無人島 実在しない説 ・ ギリ バッターボックス立てる年齢の子供で構成された野球チーム ストライクゾーン広すぎてフォアボール連発で勝てるんじゃないか説 ・ タコとイカ 好きな人ちょうど半々説 ・ スカイダイビング びしょ濡れの服でやっても着地した時には乾いてる説 ・ レギュラー西川くん 気絶中にバースデーサプライズ出来る説 ・ 布袋のギター 小さいビルや車を配置したら良い感じの街になる説 ・ ジャガイモ カット次第でほぼリンゴ説 ・ 「ジジイが実は特殊メイクをしたアスリートだった…」のあのドッキリ それっぽい状況が起きたら本当にただのジジイでも色めき立っちゃう説 ・ カルタ名人もビンタ上手い説 ・ デカくて高いモノ グラム単位で見れば安い説 ・ 坊主のお経 途中からハンマーカンマーになっていても気付かない説,suiyoubinodowntown,WEDNESDAY DOWNTOWN,水曜日のダウンタウン
126,2017-11-15,Episode 127,オシャレしながら逃走中 ・ 一人称「おいら」もう紙面上のたけしさんしか使ってない説 ・ たむらけんじ 水曜日のダウンタウンの裏番組でもMC仕事ならついつい受けちゃう説,suiyoubinodowntown,WEDNESDAY DOWNTOWN,水曜日のダウンタウン
127,2017-11-22,Episode 128,名前が数字の人 一から百まで存在する説 ・ 2倍対1／2 トントン説 ・ やり込んだネタならボケとツッコミ別撮りでも成立する説,suiyoubinodowntown,WEDNESDAY DOWNTOWN,水曜日のダウンタウン
128,2017-12-06,Unknown,芸人が今までで一番スベった瞬間 逆に面白い説 第2弾 ・ 電話中だったら何を渡されても受け取っちゃう説 ・ 忍法 現代でも意外と通用する説,suiyoubinodowntown,WEDNESDAY DOWNTOWN,水曜日のダウンタウン
129,2017-12-13,Episode 130,"お宅訪問ロケ 2度目の家でもついつい初見のリアクションしちゃう説 ・ 開けたら""推し""がいるドッキリ 怖さより喜びがギリ勝る説 ・ 歯無し 歌下手説",suiyoubinodowntown,WEDNESDAY DOWNTOWN,水曜日のダウンタウン
130,2017-12-20,Episode 131,暑いと寒い 結局寒いの方がツライ説 ・ 相撲 合計体重が一緒なら人数多い方が有利説 ・ にゃんこスターのネタ 縄跳びが上手ければ上手い程 面白い説,suiyoubinodowntown,WEDNESDAY DOWNTOWN,水曜日のダウンタウン
131,2017-12-27,Episode 132  season finale,サンドウィッチマンのあのハンバーガー屋のネタ もはや誰がやっても面白い説 ・ 松野明美vsターミネーター ・ クロちゃんツイッター企画第2弾 フューチャークロちゃん,suiyoubinodowntown,WEDNESDAY DOWNTOWN,水曜日のダウンタウン
132,2018-01-17,Unknown,「あの人は今」で全く別人が出てきても指摘できない説 ・ 芸能人でもないのに自分のサインある人 キビしい説 ・ 半島に住んでる人に日本地図描かせたら自分とこの半島やや強調する説,suiyoubinodowntown,WEDNESDAY DOWNTOWN,水曜日のダウンタウン
133,2018-01-24,Unknown,芸能人の地元探れば元カレ元カノぐらい簡単に見つかる説 ・ ミスター押忍の「押忍！空手道」 ・ 忘年会・新年会シーズンといえども さすがに5次会が限界説 ・ 適当に描いた似顔絵でも探しまくればそっくりな人見つかる説,suiyoubinodowntown,WEDNESDAY DOWNTOWN,水曜日のダウンタウン
134,2018-01-31,Unknown,どんなヤツにも熱狂的ファンいる説 ・ ハゲ芸人がプロデュースすれば素人のハゲネタでも盛り上がる説 ・ 還暦超えてもガチで怒られたことある人 結構いる説,suiyoubinodowntown,WEDNESDAY DOWNTOWN,水曜日のダウンタウン
135,2018-02-07,Unknown,"2017年 一番ドッキリにかけられたの俺説 ・ ミックスルール対決 ""人脈×サッカー"" ・ 高田純次が「高田純次です」と挨拶してるシーン TBSのアーカイブ全部調べても出てこない説",suiyoubinodowntown,WEDNESDAY DOWNTOWN,水曜日のダウンタウン
136,2018-02-21,Unknown,お互い負けるよう指示された八百長対決 逆に目が離せない接戦になる説 ・ 大食いミックスルール 小麦粉大量消費対決 ・ アジャのペイント 本人以外誰一人正確に描けない説,suiyoubinodowntown,WEDNESDAY DOWNTOWN,水曜日のダウンタウン
137,2018-02-28,Unknown,「ベッドの中に人がいる」が結局一番怖い説 ・ トリオ芸人 1人抜けてポンコツと2人きりになったらそいつとはコンビ続けない説 ・ 身長150センチ以下で体重100キロ超えの豆タンク 探せばそこそこいる説,suiyoubinodowntown,WEDNESDAY DOWNTOWN,水曜日のダウンタウン
138,2018-03-07,Unknown,極寒の雪山でも1万円あれば寒さしのげる説 ・ ツッコミ芸人なら「お前が歌うんかい！」と一発でツッコめる説 ・ 公園にある動物の遊具 一番多いのゾウ説,suiyoubinodowntown,WEDNESDAY DOWNTOWN,水曜日のダウンタウン
139,2018-03-14,Unknown,平均台の上でも人はなんとか生活できる説 ・ 島から一歩も出たことない人 結構いる説 ・ 食べられるのに誰も食べていない添え物No.1 菊説,suiyoubinodowntown,WEDNESDAY DOWNTOWN,水曜日のダウンタウン
140,2018-03-21,Unknown,ダブル八百長対決 第2弾 ・ SASUKEの池の水ぜんぶ抜く ・ 独り言 派手にいけばハンズフリー通話と勘違いしてもらえる説,suiyoubinodowntown,WEDNESDAY DOWNTOWN,水曜日のダウンタウン
141,2018-03-28,Unknown,水曜日のダウンタウン 説の入り口と出口全然違うヤツ結構ある説,suiyoubinodowntown,WEDNESDAY DOWNTOWN,水曜日のダウンタウン
142,2018-04-11,Unknown,接待釣りは現実でも可能なのか？ ・ マルチスポーツ対決3番勝負①スケート×剣道 ・ マルチスポーツ対決3番勝負②野球×テニス ・ マルチスポーツ対決3番勝負③サイクル×野球 ・ 本当にラップを30cm巻けば裸は見えなくなるのか？ ・ 両さんみたいにくすぐられたら誰でも給料の額をゲロっちゃうのか？ ・ ゴミ屋敷の住人を催眠術でキレイ好きにさせることは出来るのか？ ・ 駄菓子がっちり食べまショー ・ 街中でゴルフをやったら面白くなるのか？ ・ 「いつ・どこで・何をするゲーム」を実際にやったら面白くなるのか？,suiyoubinodowntown,WEDNESDAY DOWNTOWN,水曜日のダウンタウン
143,2018-04-18,Unknown,芸人が今までで一番面白かった瞬間は誰が見ても面白い説 ・ 結構な岩兵衛 存在する説 ・ 大人が本気出せば雪だけ踏んで本州最北端から東京まで戻ってこれる説,suiyoubinodowntown,WEDNESDAY DOWNTOWN,水曜日のダウンタウン
144,2018-04-25,Unknown,「ありがとうございました」「あ」と「た」さえ合っていれば間は何でもいける説 ・ 合計170kg相撲 第2弾 ※実際は「178kg相撲」 ・ どんなマイナースポーツも1度は漫画化されてる説 ・ 「那覇」漢字で書けない那覇市民 存在する説,suiyoubinodowntown,WEDNESDAY DOWNTOWN,水曜日のダウンタウン
145,2018-05-02,Unknown,ライザップに言われたらどんなトリッキーなトレーニング方法でも従っちゃう説 ・ 「箱の中身は何だろな？」得意な芸人No.1 濱田祐太郎説 ・ 曲のサビでちょうど涙は難しい説,suiyoubinodowntown,WEDNESDAY DOWNTOWN,水曜日のダウンタウン
146,2018-05-16,Unknown,王道モノマネを最初にやった人 意外な人物説 ・ フルマラソン直後はさすがに何の予定も入れない説 ・ 大食い×カーリング,suiyoubinodowntown,WEDNESDAY DOWNTOWN,水曜日のダウンタウン
147,2018-05-23,Unknown,ノック中渡されたのが自分の大切なものでも つい勢いで打っちゃう説 ・ 「すしざんまい」のロゴ 知らなきゃ絶対読めない説 ・ 碁石 メントスと入れ替えても気付かない説 ・ うがい中のラリアット 不可避説 ・ おばあちゃん アヒル口できない説 ・ トウモロコシ 10秒1粒なら永遠に食える説 ・ 尾行してる人 尾行されてても気付かない説 ・ 似顔絵屋 毎日同じ人がやって来たらドンドン上手になる説 ・ 笑顔の福沢諭吉を描いて折り目をつけたら逆に元の顔に戻る説 ・ 一番重たい食べ物 月餅説 ・ お菓子の裏に書いてある原材料を適当に混ぜたら それっぽいものできるんじゃないか説 ・ 三遊亭小遊三 逆さまに書いてあっても気付かない説 ・ 10から1へのカウントダウン 7を「しち」と言う人マジで0人説 ・ 雷様の太鼓 叩くには位置が厳しい説 ・ レジ袋 遠目から見たらタンクトップ説 ・ 世界の祝日集めたら1年365日祝日になる説 ・ アリに布袋の曲聞かせ続けて飼育したら巣穴が布袋のギター柄になる説 ・ ビートたけしのあの走り方 本気でやったらいい感じの競技になる説,suiyoubinodowntown,WEDNESDAY DOWNTOWN,水曜日のダウンタウン
148,2018-05-30,Unknown,勝俣州和と最もキャラ被りしているタレント クロちゃん説 ・ 数珠つなぎ企画で1番過酷なの ジョジョの鉄塔システム説,suiyoubinodowntown,WEDNESDAY DOWNTOWN,水曜日のダウンタウン
149,2018-06-06,Unknown,子供に乗っかって商売してる芸能人の実家No.1 ロバート秋山の実家説 ・ 説教食らった後 派手な言い間違いされても指摘しづらい説 ・ 大人になっても苦手なモノ それなりのトラウマエピソードある説 ・ 日本の在来種も世界のどこかで迷惑かけてる説,suiyoubinodowntown,WEDNESDAY DOWNTOWN,水曜日のダウンタウン
150,2018-06-13,Unknown,二重から一重に整形する人いない説 ・ ホントドッキリ ・ 大喜利苦手芸人 酔った状態の方が面白い説 ・ ソフトクリームが売ってないサービスエリアなど存在しない説,suiyoubinodowntown,WEDNESDAY DOWNTOWN,水曜日のダウンタウン
151,2018-06-20,Unknown,テレビに食べ物が映ったら同じもの食わなきゃいけない生活 フードファイターなら24時間ギリ達成できる説 ・ 丑の刻参りの頭にロウソクスタイル 熱すぎて呪いどころじゃない説 ・ 早朝新種目シミュレーション,suiyoubinodowntown,WEDNESDAY DOWNTOWN,水曜日のダウンタウン
152,2018-07-04,Unknown,隠せば引っ張れる説 ・ ツッコミチャレンジ第2弾 ハライチのネタver. ・ IKKO 四文字ワードさえ言っていればロケ成立する説,suiyoubinodowntown,WEDNESDAY DOWNTOWN,水曜日のダウンタウン
153,2018-07-18,Unknown,痩せてた頃モテていたデブ 太った今でもそこそこモテる説 ・ 歌がめちゃくちゃ上手ければカラオケで狙った得点出せる説 ・ 少年野球でサブマリンのピッチャー 親の意向が100％説 ・ 重量借り物競走説,suiyoubinodowntown,WEDNESDAY DOWNTOWN,水曜日のダウンタウン
154,2018-07-25,Unknown,怖い顔してたら隣に誰も座ってこない説 ・ 国道1号線に落ちてるポイ捨てタバコのフィルターを拾いながら歩いたら名古屋くらいでそばがら的なマクラ完成する説 ・ ヤンキー武勇伝のオチ「気付いたら病院だった」が8割説 ・ 名前の画数 100画超えの人 存在する説,suiyoubinodowntown,WEDNESDAY DOWNTOWN,水曜日のダウンタウン
155,2018-08-01,Unknown,愛犬ドミノチャレンジ ・ 2018年でもベッカムヘアまだギリ存在する説 ・ リアルスラムドッグミリオネア 第2弾 ・ 歩き食いできる食べ物 ラーメンが限界説,suiyoubinodowntown,WEDNESDAY DOWNTOWN,水曜日のダウンタウン
156,2018-08-15,Unknown,ロケ中にタレントを撒くことなど容易説 ・ 誕生日サプライズ 匂わされたら ついつい色めき立っちゃう説 ・ いくら彦摩呂でも カメラなしで食レポしてたら おっかない説 ・ どんなに渋い競技にも専用トロフィー存在する説,suiyoubinodowntown,WEDNESDAY DOWNTOWN,水曜日のダウンタウン
157,2018-08-22,Unknown,不思議ちゃん設定 パターン枯渇してる ・ 人を笑わせられる距離の限界 100m説 ・ 全裸におぼんのネタ衣装でアキラ100%から説教食らったらギャップで逆に笑っちゃう説,suiyoubinodowntown,WEDNESDAY DOWNTOWN,水曜日のダウンタウン
158,2018-09-12,Unknown,空手家vs棒を使う競技のプロ 空手家が道具に1発蹴りを入れていいルールならいい勝負になる説 ・ 子供が拾ってきたペットを親に隠して飼うあのパターン マックス人までいける説 ・ 100歳以上のヘビースモーカー 存在しない説 ・ 友達に「こんにちは」と言う人いない説,suiyoubinodowntown,WEDNESDAY DOWNTOWN,水曜日のダウンタウン
159,2018-09-26,Unknown,松本人志の親戚 さすがに10親等離れたらその自覚ない説 ・ ものまねショーに本人がそっくりさんとして出ても意外と気付かれない説 ・ モノマネ芸人に音痴いない説 ・ どんなにバレバレのダメドッキリでも芸人ならつい乗っかっちゃう説 ・ アスリートが仕掛け人のドッキリ 大根すぎて逆に面白いんじゃないか説 (#036 2015.04.22) ・ SNSを張り込んでいれば芸能人に会える説 (#041 2015.06.03),suiyoubinodowntown,WEDNESDAY DOWNTOWN,水曜日のダウンタウン
160,2018-10-03,Unknown,「よろしくお願いします」 「よ」と「す」さえ合っていれば 間は何でもいける説 ・ 中継先に現れたヤバめ素人のさばき方で芸人の力量 丸わかり説 ・ クロちゃんのベッドの下 ギリ人も住める説 ・ MONSTER HOUSE 1st WEEK,suiyoubinodowntown,WEDNESDAY DOWNTOWN,水曜日のダウンタウン
161,2018-10-24,Unknown,1週間○○生活 目を離したらやっぱり他のもん食っちゃう説 ・ 芸人コンビのネタ作ってない方 相方がどんなにつまんないネタ作ってきても文句言う権利ない説 ・ 寿司 サビ抜きじゃない未就学児など存在しない説,suiyoubinodowntown,WEDNESDAY DOWNTOWN,水曜日のダウンタウン
162,2018-10-31,Unknown,芸能界一 細いすきま通れるの片岡鶴太郎説 ・ 身長2ｍ超えの文化系 存在する説 ・ MONSTER HOUSE 2nd WEEK,suiyoubinodowntown,WEDNESDAY DOWNTOWN,水曜日のダウンタウン
163,2018-11-14,Unknown,親子リアル脱出ゲーム ・ 一生刑務所暮らしと一生無人島暮らし 選ぶ人ちょうど半々説 ・ 職務質問された時ポケットに入ってたら気まずいモノ ブラジャーと復習ノート ちょうど半々説 ・ 夏なのに冬服生活と冬なのに夏服生活 選ぶ人ちょうど半々説 ・ TBSとテレ東 無くなったら困る人ちょうど半々説 ・ MONSTER HOUSE 3rd WEEK,suiyoubinodowntown,WEDNESDAY DOWNTOWN,水曜日のダウンタウン
164,2018-11-28,Unknown,「ねこふんじゃった」一番速く弾けるのピアノ説 ・ ブーメランパンツ 凍らせて投げたら返ってくるんじゃないか説 ・ 犬ちゃん「ワンちゃん」と読んじゃう説 ・ 背泳ぎ 一番端のコースならプールサイドを走ってゴールしても相手にバレない説 ・ 歯磨き粉 中身がミントアイスでもバレない説 ・ 歌詞に「BABY」が最も出てくる曲 布袋のスリル説 ・ 米 10秒に1粒なら永遠に食える説 ・ 日本一 出席番号の早い名前「相内 愛」説 ・ 知らない人同士のにらめっこ 決着つかない説 ・ 鬼瓦 隙だらけ説 ・ 千手観音 腕千本ない説 ・ ベン・ジョンソン 白くしたら○○にそっくり説 ・ 水タバコ吸ってる時に説教食らったら 以降は豪快に煙吐けない説 ・ ツルハシ絶滅説 ・ クサくて起きることない説 ・ ご飯の大盛りサービス 2倍以上はどうかしてる説 ・ 池の周りを歩く系の算数問題 実際に歩けばバカでも正解導きだせる説 ・ ロード「ちょうど一年前に」だけでも歌える説,suiyoubinodowntown,WEDNESDAY DOWNTOWN,水曜日のダウンタウン
165,2018-12-05,Unknown,カバンの中身チェックで出てきたヤバイ物のさばき方で芸人の力量丸わかり説 ・ エレベーター早着替えチャレンジ ・ MONSTER HOUSE 4th WEEK,suiyoubinodowntown,WEDNESDAY DOWNTOWN,水曜日のダウンタウン
166,2018-12-12,Unknown,どんな芸人でもめちゃくちゃ地元なら好きな芸人ランキングで1位になれる説 ・ 巨大風船 いつまでたっても破裂しなくても芸人ならずっとビビり続けられる説 ・ MONSTER HOUSE 5th WEEK,suiyoubinodowntown,WEDNESDAY DOWNTOWN,水曜日のダウンタウン
167,2018-12-19,Unknown,日本最重量の女性でもお姫様だっこできる男 この世のどこかに存在する説 ・ 朝起きて嫁と子供がよく似た別人になってたらまだ夢かと思う説 ・ おっぱい星人 絶滅説 ・ MONSTER HOUSE 6th WEEK,suiyoubinodowntown,WEDNESDAY DOWNTOWN,水曜日のダウンタウン
168,2018-12-26,Unknown  season finale,第4回 替え歌 最強トーナメント ・ Mr.シャチホコのオレオレ電話でアッコファミリー全員集められる説 ・ MONSTER HOUSE 7th WEEK ・ としまえんから生放送 真・MONSTER HOUSE 収監をかけてクロちゃん国民投票,suiyoubinodowntown,WEDNESDAY DOWNTOWN,水曜日のダウンタウン
169,2019-01-09,パネラーの説検証SP,コンビニ店員で実際にカラーボールを強盗に当てた事ある人 存在しない説 ・ 「イマル」という名前 IMALUが最初説 ・ めちゃくちゃ喉が渇いてたら センブリ茶でも気付かず飲める説 ・ 同じスポーツをやっている兄弟 弟・妹の方が強い説 ・ 「噂の!東京マガジン」 日本一 白髪の多い番組説 ・ 漫才の客席に元カノがいたら 間がズタズタになる説,suiyoubinodowntown,WEDNESDAY DOWNTOWN,水曜日のダウンタウン
170,2019-01-16,◆芸人ならどんなにキツめの設定背負わされてもつい乗っかっちゃう説など,芸人ならどんなにキツめの設定背負わされてもつい乗っかっちゃう説 ・ モノマネ芸人だったら初めてのモノマネでも伝言ゲームで最後まで伝えられる説 ・ 1つのメニューのみでやっている店 どんなジャンルにも存在してる説 ・ ミスター押忍の「押忍」でBINGOできる説,suiyoubinodowntown,WEDNESDAY DOWNTOWN,水曜日のダウンタウン
171,2019-01-30,ドッキリのネタばらし 架空の番組名を言われてもつい知ったかぶりしちゃう説など,1時間に1回泣かないといけない生活 泣けるアイテムが充実していてもしんどい説 ・ クマ倒したジジイ-1GP ・ ドッキリのネタばらし 架空の番組名を言われてもつい知ったかぶりしちゃう説 ・ 結局一番クサいモノ○○説,suiyoubinodowntown,WEDNESDAY DOWNTOWN,水曜日のダウンタウン
172,2019-02-06,ミスター押忍の「押忍！空手道」第2弾など,ロケ中にタレントを撒くことなど容易説 第2弾 ・ 自転車の上でも人はなんとか生活できる説 ・ ミスター押忍の「押忍！空手道」第2弾,suiyoubinodowntown,WEDNESDAY DOWNTOWN,水曜日のダウンタウン
173,2019-02-13,IKKOとチョコレートプラネット松尾 もはや身近な人でも声聞き分けられない説など,IKKOとチョコレートプラネット松尾 もはや身近な人でも声聞き分けられない説 ・ “奇人”芸人No.1決定戦 ・ 仙人みたいなおじいさんの笑い声「フォッフォッフォ」説,suiyoubinodowntown,WEDNESDAY DOWNTOWN,水曜日のダウンタウン
174,2019-02-20,2018年予告ドッキリなど,2018年予告ドッキリ ・ 悲鳴-1グランプリ ・ 日本一 髪が長い男芸人 トム・ブラウン布川説 ・ DESIRE 合いの手選手権,suiyoubinodowntown,WEDNESDAY DOWNTOWN,水曜日のダウンタウン
175,2019-02-27,芸人解散ドッキリ 師匠クラスの方が切ない説など,家に人が山ほど隠れていても意外と気付かない説 ・ 芸人解散ドッキリ 師匠クラスの方が切ない説 ・ 飲食店に貼ってあるサイン 最古のモノはもはや真っ茶色説 ・ 外国人に「浜田と松本どっちがゴリラに似てる？」と聞いたら意外と松本と答えるんじゃないか説,suiyoubinodowntown,WEDNESDAY DOWNTOWN,水曜日のダウンタウン
176,2019-03-06,自分の楽屋であってもキス現場目撃したらとりあえず謝っちゃう説など,逆挨拶チャレンジ ・ 4世代対抗リレー ・ 自分の楽屋であってもキス現場目撃したらとりあえず謝っちゃう説 ・ ガンコな汚れ-1グランプリ,suiyoubinodowntown,WEDNESDAY DOWNTOWN,水曜日のダウンタウン
177,2019-03-13,「いい意味で」悪口でも怒られない説▼芸歴が長いバイト芸人は?▼たたいてかぶってジャンケンポン,「いい意味で」をつければどんな悪口でも怒られない説 ・ 未だにバイトしてる最も芸歴が長い芸人 リットン調査団説 ・ 三つ巴 盛り上がる説,suiyoubinodowntown,WEDNESDAY DOWNTOWN,水曜日のダウンタウン
178,2019-03-20,『しあわせあかつ計画』あかつが家族のために,しあわせあかつ計画 説タイトル100個暗記できたら100万円 ・ ・ドレミの歌 突然の「ソは青い空」はいかがなものか説 ・ ・金田一のトリック アクロバティックすぎてほぼSASUKE説 ・ ・水族館の水槽 ウニの代わりに栗が入っていても気付かない説 ・ ・吉幾三の「俺ら東京さ行ぐだ」と同じ状況の村 現存する説 ・ ・芸人なら自分のネタと同じ状況が現実に起きたら完璧にツッコめる説,suiyoubinodowntown,WEDNESDAY DOWNTOWN,水曜日のダウンタウン
179,2019-03-27,愛煙家、喫煙所までの道のりがどんなに困難▼怪しい占い師▼打ち合わせ相手の名前,愛煙家 喫煙所までの道のりがどんなに困難でも向かっちゃう説 ・ なにやら占い師に傾倒し始めた相方が改名を訴えてきても応じられない説 ・ 打ち合わせ相手の名前 聞いた直後なのに答えられないようでは芸能人並びに社会人失格説,suiyoubinodowntown,WEDNESDAY DOWNTOWN,水曜日のダウンタウン
180,2019-04-03,「お前が○○するんかい!」▼説教中の「帰れ!」▼不気味なファンレター,「お前が歌うんかい！」のパターン ツッコミ芸人ならどんな状況でも一発でツッコめる説 ・ 説教中の「帰れ！」額面通り受け取るわけにはいかない説 ・ 忘れられない不気味なファンレター 芸能人なら1つはある説,suiyoubinodowntown,WEDNESDAY DOWNTOWN,水曜日のダウンタウン
181,2019-04-10,授業中に先生の目を盗んで完食▼アスリートが仕掛け人のドッキリ▼達人なら背後からの攻撃を察知,早弁先生 第3弾 ・ アスリートが仕掛け人のドッキリ 大根すぎて逆に面白いんじゃないか説 ・ 達人であっても背後からの気配実際に感じること不可能説,suiyoubinodowntown,WEDNESDAY DOWNTOWN,水曜日のダウンタウン
182,2019-04-24,▼飲み物吹き出させるかなり難しい説▼空気砲▼立ちっぱなしVS座りっぱなし▼池谷直樹が最強説,笑いや驚きで飲み物吹き出させるの現実にはかなり難しい説 ・ 空気砲 色が付いてなければ不可避説 ・ 立ちっぱなしと座りっぱなし 意外と座りっぱなしの方がしんどい説 ・ 池谷直樹式の腕立て伏せ 池谷直樹が最強説,suiyoubinodowntown,WEDNESDAY DOWNTOWN,水曜日のダウンタウン
183,2019-05-08,芸人を密室に隔離して…新元号を当てるまで脱出できない生活!情報ゼロで「令和」にたどり着くことはできるのか!?,新元号を当てるまで脱出できない生活,suiyoubinodowntown,WEDNESDAY DOWNTOWN,水曜日のダウンタウン
184,2019-05-15,日本生活が長い外国人驚いた時の第一声▼ロッシー、何でも受け入れちゃいすぎ▼コワモテ男性の「お前に娘はやらん」,日本生活が長い外国人でもめちゃくちゃ驚いた時の第一声は母国語説 ・ ロッシー 何でも受け入れちゃいすぎておっかない説 ・ コワモテ男性 一度は「お前に娘はやらん」と言われたことある説,suiyoubinodowntown,WEDNESDAY DOWNTOWN,水曜日のダウンタウン
185,2019-05-29,みんなの説SP,街で母親と出会ってもめちゃくちゃよそよそしかったら そのうちスゴく似ている別人だと思い始める説 ・ 引っ張って温めるタイプの牛タン弁当の紐が実はパーティーのクラッカーになっていても手前で気付きようない説 ・ パチンコ屋店員の休日の過ごし方第1位 パチンコ説 ・ どっちが正解かわからない言い争いの答えを電話で他人に確認して自分の意見が正解だったとき 電話を切ったあとの第一声「ほらー」説 ・ マラソンで優勝したのにゴールの瞬間手を上げない選手などいない説 ・ 歌詞の中に出てくる髪型 ポニーテールがダントツ説 ・ 起きた時VRの世界だったらめちゃくちゃビックリする説 ・ めちゃくちゃ怒れば どんな生き物にも怒り伝わる説 ・ トゲトゲの首輪してるブルドッグ 実在しない説 ・ クロスワードの本買う人 直近の予定ない説 ・ 彦摩呂 マズイ料理もいい感じにディスれる説 ・ 「駄々をこねる」大人がやっても有効説 ・ 松尾伴内の似顔絵 ほうれい線描かないわけにはいかない説 ・ 小学生が使う漢字ドリル「殺す」の例文は全て「息を殺す」説 ・ 「布袋」さんのあだ名 100%あの布袋関連説 ・ 「ストロング」といえば？20代は「ゼロ」60歳以上は「小林」説 ・ 他人のパーカーのフードにこっそり小銭入れていっても1万円くらいまでバレないんじゃないか説,suiyoubinodowntown,WEDNESDAY DOWNTOWN,水曜日のダウンタウン
186,2019-06-05,▼「俺に何か言うことないか?」とカマかけられたら▼ウドが「すみません」▼マジシャンが隠し球,「俺に何か言わなきゃいけないことないか？」とカマかけられたらベタに余計なこと喋っちゃう説 ・ キャイ～ン 1日連動電流生活 ・ ピッチャーとファーストがマジシャンだったら隠し球で軒並みアウトに出来る説,suiyoubinodowntown,WEDNESDAY DOWNTOWN,水曜日のダウンタウン
187,2019-06-12,中継先に素人ベテランリポーターならさばける説▼4世代家族リレー▼説教中あの色ナシ臭いアリ,中継先にヤバめ素人が現れてもベテランリポーターなら華麗にさばける説 ・ 4世代対抗リレー 第2弾 ・ 説教食らってる時 あの色ナシ臭いアリ空気砲食らってもクサいとは言えない説,suiyoubinodowntown,WEDNESDAY DOWNTOWN,水曜日のダウンタウン
188,2019-06-19,IKKOから「背負い投げ」▼「うるさい」と指摘されたら即終了▼4の字固め,IKKOワード言わせ合い対決 ・ プライベート大声選手権 ・ 4の字固め 女性に電話口で伝えるの不可能説説,suiyoubinodowntown,WEDNESDAY DOWNTOWN,水曜日のダウンタウン
189,2019-06-26,後輩にキレたあと先輩の前地獄説▼カレーの匂い全員カレー食う説▼墓場まで持っていく話,後輩にめちゃくちゃキレたあと 不機嫌な顔を見せづらい先輩の前でおちゃらけを演じなきゃいけない状況 地獄説 ・ 女子中高瀬の人気芸人ランキング 流石にもうNONSTYLEランク外説 ・ 打ち合わせ中 隣の部屋からカレーの匂いを送り続けたら その後全員カレー食う説 ・ 「墓場まで持っていく話」後期高齢者に頼み込んだら教えてもらえるんじゃないか説,suiyoubinodowntown,WEDNESDAY DOWNTOWN,水曜日のダウンタウン
190,2019-07-03,▼おぼんこぼん企画第2弾 仲直り大作戦▼有名人の連絡先を知っている一般人その場で呼び出し,一声かければ有名人呼び出せる素人 都会なら結構存在する説 ・ おぼん・こぼんでも催眠術さえあれば仲直りできる説,suiyoubinodowntown,WEDNESDAY DOWNTOWN,水曜日のダウンタウン
191,2019-07-17,芸人3人が街ゆく人でビンゴ対決▼「あの人は今」系のオファー▼人気ピッタリ3等分のトリオ芸人,街中異種ビンゴ大会 ・ そこそこ売れてるのに「あの人は今」系のオファーがきたらショックと不快が半々説 ・ 人気がピッタリ3等分のトリオ芸人いない説,suiyoubinodowntown,WEDNESDAY DOWNTOWN,水曜日のダウンタウン
192,2019-07-24,ネタと同じ状況で芸人は完璧にツッコめる▼地方ならダウソタウソでも意外とバレずにロケできちゃう説▼コラおじさん風男性,芸人なら自分のネタと同じ状況が現実に起きたら完璧にツッコめる説 第2弾 ・ 地方ならダウソタウソでも意外とバレずにロケできちゃう説 ・ トンビがタカを生むにも限界ある説 ・ ナゾに大道具通路を歩かされて向かいからシルクハットにステッキのコラおじさん風男性が歩いてきたらめちゃ警戒しちゃう説,suiyoubinodowntown,WEDNESDAY DOWNTOWN,水曜日のダウンタウン
193,2019-07-31,『東大王』とのコラボSP!「大食いクイズ」で対決▼おばちゃんファンから逃走中,大食王vs東大王 「大食いクイズ」 ・ おばちゃんファンから逃走中,suiyoubinodowntown,WEDNESDAY DOWNTOWN,水曜日のダウンタウン
194,2019-08-07,▼「ヤリにいき放題」の汚部屋アイドル▼鳥のフン▼崖っぷちの名字調査,汚部屋アイドル ヤリにいき放題説 ・ 鳥のフン 積極的に落とされにいくの難しい説 ・ 一世帯しか存在しないのに跡継ぎがいない崖っぷちの名字 結構ある説,suiyoubinodowntown,WEDNESDAY DOWNTOWN,水曜日のダウンタウン
195,2019-08-21,ネタの決めゼリフがスポンサーNGの営業▼丸太自作クラブでゴルフ対決▼色ナシ臭い空気砲,決めゼリフが封じられた芸人の営業 地獄説 ・ リアル“プロゴルファー猿”選手権 ・ 色ナシ臭いアリ空気砲 第3弾,suiyoubinodowntown,WEDNESDAY DOWNTOWN,水曜日のダウンタウン
196,2019-09-04,曲のサビで▼すべらない話のトロフィー、▼タクシー運転手の最長走行、のっぴきならない,曲のサビでちょうど涙は難しい説 第3弾 ・ 「すべらない話」のMVSトロフィー 絶対 家に飾ってある説 ・ タクシー運転手の過去最長走行距離 のっぴきならない事情ある説,suiyoubinodowntown,WEDNESDAY DOWNTOWN,水曜日のダウンタウン
197,2019-09-11,総集編&未公開映像,ニセ番組「説タイトル」逆算クイズ ・ ・「お前が歌うんかい！」のパターン ツッコミ芸人ならどんな状況でも一発でツッコめる説 ・ ・起きた時VRの世界だったらめちゃくちゃビックリする説 (未公開映像付き) ・ ・ダンボールの中に隠れながら尾行するやつ マジでやったらバレない説 ・ ・ロケ中にタレントを撒くことなど容易説 第2弾 ・ ・誕生日サプライズ 匂わされたらついつい色めき立っちゃう説 ・ ・芸人ならどんなにキツめの設定背負わされてもつい乗っかっちゃう説 ・ ・自分の楽屋であってもキス現場目撃したらとりあえず謝っちゃう説,suiyoubinodowntown,WEDNESDAY DOWNTOWN,水曜日のダウンタウン
198,2019-09-25,ソフトクリーム食えずに溶けて無くなっちゃう説▼街で無名芸能人のサイン▼ウザ絡みして旦那を寝かさない,ソフトクリーム買った直後に説教食らったら食べるわけにいかず溶けて無くなっちゃう説 ・ サインが飾ってある店 よく見ると全く知らない謎の人のサインも紛れてる説 ・ ウザ絡みして旦那を寝かさない女王決定戦,suiyoubinodowntown,WEDNESDAY DOWNTOWN,水曜日のダウンタウン
199,2019-10-23,電話口で土下座しろした事にして済ます説▼タバコに火つけた瞬間倒れたひと吸い▼街ですべらない話,電話口で「その場で土下座しろ」とキレられても さすがにしたことにして済ます説 ・ 愛煙家芸人 タバコに火をつけた瞬間に血相を変えたスタッフから「相方が倒れた」と言われてもそのまま捨てることなくひと吸いはする説 ・ 「誰でも1つはすべらない話を持っている」なら街の一般人でもギリ持っている説,suiyoubinodowntown,WEDNESDAY DOWNTOWN,水曜日のダウンタウン
200,2019-10-30,みんなの説SP,ドッキリ仕掛け人としてクローゼットに隠れてる時 色ナシ臭いアリ空気砲食らっても出ていくわけにはいかない説 ・ 彦摩呂 海鮮丼のフタを開けて本物の宝石が入っていたらストレートに「宝石箱や」と言うはず説 ・ 押忍10回クイズ ・ ザ・グレート・カブキ お茶に見せかけてお酢をドッキリ的に飲ませたらキレイに霧状に吹き出す説 ・ ハンバーグこねた手でスナック菓子の袋開けるの不可能説 ・ 3つの競技でプロになったアスリートいない説 ・ クロちゃん 寝て起きてお花畑にいたら死んだと思う説 ・ 濡れたナスとイルカの感触 一緒説 ・ ビンタされたとこ そのあと絶対触る説 ・ デヴィ夫人 犬が1匹くらい増えていても気付かないんじゃないか説 ・ ボトルキャップチャレンジ このタイミングでアップしてるヤツおっかない説 ・ 「たむら けん○○」さんのあだ名 全員たむけん説 ・ TBSのライブラリーにある猪木のビンタだけでドレミファソラシド揃う説 ・ 歌詞の中で最も“盗んだモノ”バイク説 ・ 「ToshI」の「i→I」表記に親しんでるXファンなら「Hotel」を「ホテイ」と読む可能性も僅かながらある説 ・ スタミナ定食 だいぶ逸脱したやつが出てきても文句言えない説 ・ ミニサラダ ミニが過ぎても文句言えない説,suiyoubinodowntown,WEDNESDAY DOWNTOWN,水曜日のダウンタウン
201,2019-11-06,▼クロちゃんの新連載企画 ▼「第5回替え歌最強トーナメント」,第5回 替え歌 最強トーナメント ・ MONSTER IDOL,suiyoubinodowntown,WEDNESDAY DOWNTOWN,水曜日のダウンタウン
202,2019-11-13,"“モンスターアイドル""沖縄合宿へ▼アニマル夫婦がキス▼自分で作った胸像いかがなものか説",アニマル夫婦 京子の気をそらして気付かれずにキスチャレンジ ・ 生きてるうちに自分で作った胸像 いかがなものか説 ・ 生きてるうちに銅像作っちゃうタイプの社長ならハナ肇パターンやっても社員にバレない説 ・ MONSTER IDOL #2,suiyoubinodowntown,WEDNESDAY DOWNTOWN,水曜日のダウンタウン
203,2019-11-20,腹話術しが説教 モンスターアイドル,腹話術師に説教食らってるとき 人形も加勢してきたらさすがにそこはツッコむ説 ・ MONSTER IDOL #3,suiyoubinodowntown,WEDNESDAY DOWNTOWN,水曜日のダウンタウン
204,2019-12-04,春日が20年住んだむつみ荘「むつみ住みます芸人決定戦」▼「モンスターアイドル」は合宿3日目,むつみ住みます芸人 決定戦 ・ MONSTER IDOL #4,suiyoubinodowntown,WEDNESDAY DOWNTOWN,水曜日のダウンタウン
205,2019-12-18,「モンスターアイドル」1時間SP!,MONSTER IDOL #5,suiyoubinodowntown,WEDNESDAY DOWNTOWN,水曜日のダウンタウン
206,2019-12-25,▼モンスターアイドルFINAL▼史上最強のお笑いクイズ王決定戦!! ＳＰ  season finale,史上最強の“お笑い”クイズ王決定戦 ・ MONSTER IDOL 最終回,suiyoubinodowntown,WEDNESDAY DOWNTOWN,水曜日のダウンタウン
207,2020-01-08,ロケ中にタレントを撒く容易説～第3弾▼街ゆく人に「ご年齢は?」,ロケ中にタレントを撒くことなど容易説 第3弾 ・ 街ゆく人に「ご年齢は？」と聞いて「いくつに見えます？」と出された逆クイズ どんぴしゃで当てるの困難説,suiyoubinodowntown,WEDNESDAY DOWNTOWN,水曜日のダウンタウン
208,2020-01-22,「田舎に泊まろう!」▼子供からもらった松ぼっくり▼ミスター押忍,「田舎に泊まろう!」で家に泊めてくれた田舎の人が「泊めて」と逆にやってきたら受け入れざるを得ない説 ・ 子供からもらった松ぼっくり 家まで持ち帰らざるを得ない説 ・ ミスター押忍の「押忍！空手道」第3弾,suiyoubinodowntown,WEDNESDAY DOWNTOWN,水曜日のダウンタウン
209,2020-01-29,2019年最もドッキリにかけられた▼話術さえあればどんなに遅刻をしても,2019年 予告ドッキリ ・ 話術さえあれば どんなに遅刻をしても「もう少しで着く」の電話で その場にとどまらせておくの可能説,suiyoubinodowntown,WEDNESDAY DOWNTOWN,水曜日のダウンタウン
210,2020-02-05,ダブル八百長対決▼日本一の駅近物件▼山田勝己,ダブル八百長対決 第3弾 ・ 日本一の駅近物件なら電車がホームに到着してから家出ても間に合う説 ・ 山田勝己に「SASUKE」と言わせずロケするの不可能説,suiyoubinodowntown,WEDNESDAY DOWNTOWN,水曜日のダウンタウン
211,2020-02-12,体内時計メリークリスマスチャレンジ,体内時計メリークリスマスチャレンジ ・ ・飛んでいるハエ 死ぬほど暇だったら達人じゃなくても箸で捕まえられる説 ・ ・ダイヤル式の南京錠 死ぬほど暇だったら自力で開けられる説 ・ ・シュレッダーで細断された文書 死ぬほど暇だったら復元できる説 ・ ・黒ひげ危機一髪 死ぬほど暇だったら完全制覇できる説 ・ ・死ぬほど暇なら松本人志の著書から文字を切り出して浜田雅功の「読め!」再構築できる説 ・ MONSTER IDOL その後の展開,suiyoubinodowntown,WEDNESDAY DOWNTOWN,水曜日のダウンタウン
212,2020-02-26,雪山で防寒対決を行い、そのままの格好でサウナへ!▼飲みの席で指摘されずにオナラ,防寒×防暑 ミックスルール対決 ・ 飲みの席ならオナラの音 意外に誤魔化し効く説,suiyoubinodowntown,WEDNESDAY DOWNTOWN,水曜日のダウンタウン
213,2020-03-04,パネラーの説検証SP,若手芸人 ドッキリ仕掛けられた怒りよりも 水曜日のダウンタウンに出られた喜びが勝っちゃう説 ・ 大阪の おばはん 実は そんなにオモロくない説 ・ マジメな番組なら ズボン履いてなくても分かんないじゃないか説 ・ 漫才やコント 全然面白くない出だしからスタートしても 自分が面白いと思う芸人に 次の展開を考えてもらって数珠繋ぎをしていったら 最終的に面白いネタになる説,suiyoubinodowntown,WEDNESDAY DOWNTOWN,水曜日のダウンタウン
214,2020-03-11,バンジーNG芸人連帯責任ロケ▼アキラ100%、催眠術でもおぼんだけは死守する説,バンジーNG芸人でも飛ぶまで帰れなかったらいつかは飛ばざるを得ない説 ・ MC仕事だけど自らの改名がマストになっている番組 ローカル枠だったらギリ引き受けない説 ・ アキラ100％ 催眠術をかけられ朦朧とした意識のなかでも股間のおぼんだけは死守する説,suiyoubinodowntown,WEDNESDAY DOWNTOWN,水曜日のダウンタウン
215,2020-03-18,『あの説は今』ちょうど6年前に…,7年目突入企画「あの説は今」 ・ ・スケバン 絶滅説 ・ ・新築で和式便所入れるヤツ マジで0人説 ・ ・海外で長期刑食らってたら その間の日本のことなんにも知らない説 ・ ・オルガを超える打算なしの年上女房など存在しない説 ・ ・美女と野獣のカップルはいるが その逆はいない説 ・ あのハナシは今 ・ ・歯無し 歌下手説 ・ ・スナックのママ ドラマみたいな恋してる説,suiyoubinodowntown,WEDNESDAY DOWNTOWN,水曜日のダウンタウン
216,2020-03-25,下層YouTuber地獄説▼嫁が「坊主にしたい」▼師匠が激昂していたら「それ僕の…」とは言い出しづらい説,下層YouTuber 地獄説 第2弾 ・ 嫁「坊主にしたい」と言い出して夫から許可もらうの困難説 ・ 自分の衣装を間違えて着てしまった師匠がマネージャーに激昂していたら「それ僕のなんですけど…」とは言い出しづらい説 ・ 「この番組は○月○日に収録したものです」のテロップを冒頭に出して浜田をひたすらカットしてOAしたら何かあったと思う説,suiyoubinodowntown,WEDNESDAY DOWNTOWN,水曜日のダウンタウン
217,2020-04-08,「明日、週刊誌にスキャンダル記事が出る」▼未経験から一発で棒高跳び,「明日 週刊誌にスキャンダル記事が出る」とマネージャーから聞かされても プロなら一切表に出さずにその日の仕事やり切れる説 ・ どれだけ運動神経が良くても未経験から一発で棒高跳びは不可能説,suiyoubinodowntown,WEDNESDAY DOWNTOWN,水曜日のダウンタウン
218,2020-04-15,泥酔ロケなんとか成立する?▼説教食らってる最中に笑かし検証▼コウメ太夫にネタのダメ出しされた,最終的に泥酔するのが決まりになってるロケでも撮り順逆撮りなんとか成立させられる説 ・ 説教食らってる最中に後ろから笑かしてくる子供の頃のおふざけ 大人になった今でも笑っちゃう説 ・ コウメ太夫にネタのダメ出しされた後輩 誰一人何一つ直さない説,suiyoubinodowntown,WEDNESDAY DOWNTOWN,水曜日のダウンタウン
219,2020-04-29,新元号発表前日に芸人を密室に隔離,新元号を当てるまで脱出できない生活,suiyoubinodowntown,WEDNESDAY DOWNTOWN,水曜日のダウンタウン
220,2020-05-13,クロちゃんTwitter企画『フューチャークロちゃん』その嘘と恋…そして未来を描いたあの大作を再び!,フューチャークロちゃん,suiyoubinodowntown,WEDNESDAY DOWNTOWN,水曜日のダウンタウン
221,2020-05-20,布袋の説かき集めたらそろそろ1時間埋まるんじゃないか説,布袋の説 かき集めたらそろそろ1時間埋まるんじゃないか説 ・ ・布袋のギターを遠目から携帯で撮影するとQRコードと認識されどこかのホームページに飛ぶんじゃないか説 ・ ・布袋のギター あみだくじも出来る説 ・ ・「布袋」この漢字 布袋の曲が流れている状態で「何と読みますか？」と聞いたら さすがに「ぬのぶくろ」とは読まない説 ・ ・10回クイズ 氷室と10回言ったあと「布製」と言う文字を見たら思わず布袋と読んじゃう説 ・ ・布袋のギター 小さいビルや車を配置したら良い感じの街になる説 ・ ・アリに布袋の曲聞かせ続けて飼育したら巣穴が布袋のギター柄になる説 ・ ・歌詞に「BABY」が最も出てくる曲 布袋のスリル説 ・ ・「布袋」さんのあだ名 100%あの布袋関連説 ・ ・「ToshI」の「i→I」表記に親しんでるXファンなら「Hotel」を「ホテイ」と読む可能性も僅かながらある説 ・ ・徳川慶喜を生で見た事がある人 まだギリこの世にいる説 ・ ・先生のモノマネ プロがやったら死ぬほどウケる説 ・ ・コロナの瓶に入ったライム 処分する人めちゃ困ってる説,suiyoubinodowntown,WEDNESDAY DOWNTOWN,水曜日のダウンタウン
222,2020-05-27,総集編,浜田高笑いベスト10 ・ ・「開けたら人がいる」が結局一番怖い説 ・ ・ロメロスペシャル 整体中にかけられても気付かない説 ・ ・どんなにバレバレのダメドッキリでも芸人ならつい乗っかっちゃう説 ・ ・日本生活が長い外国人でもめちゃくちゃ驚いた時の第一声は母国語説 ・ ・島から一歩も出たことない人 結構いる説 ・ ・電話で音声途切れた時「もしもし」いろんなパターンで言う説 ・ ・空気砲 色が付いてなければ不可避説 ・ ・色ナシ臭いアリ空気砲 第3弾 ・ ・「ベッドの中に人がいる」が結局一番怖い説 ・ ・「後部座席に人がいる」が結局一番怖い説,suiyoubinodowntown,WEDNESDAY DOWNTOWN,水曜日のダウンタウン
223,2020-06-03,特別リモート企画,リモート“コントロール”クロちゃん,suiyoubinodowntown,WEDNESDAY DOWNTOWN,水曜日のダウンタウン
224,2020-06-10,総集編,ショート説ランキングTOP50,suiyoubinodowntown,WEDNESDAY DOWNTOWN,水曜日のダウンタウン
225,2020-06-17,ダウンタウン 筋肉と大声SP,ダウンタウン 筋肉と大声SP ・ ・松本人志 メキシコからきた謎のマスクマンとしてプロレス会場に登場してもバレない説 ・ ・ハマダー生存説 ・ ・浜田雅功の「結果発表」でカラス撃退できる説,suiyoubinodowntown,WEDNESDAY DOWNTOWN,水曜日のダウンタウン
226,2020-06-24,総集編,県またぎSP ・ ・美人ならヒッチハイク本州縦断の旅 1日で終わる説 ・ ・花見のゴミを集めて桜前線と共に北上すれば そのゴミで作った船で津軽海峡渡れる説 ・ ・帰巣本能 ハトよりヒトの方が優れてる説,suiyoubinodowntown,WEDNESDAY DOWNTOWN,水曜日のダウンタウン
227,2020-07-01,ADが語る“しんどかった説”座談会,ADが語る“しんどかった説”座談会,suiyoubinodowntown,WEDNESDAY DOWNTOWN,水曜日のダウンタウン
228,2020-07-15,「芸人が今までで一番面白かった瞬間は誰が見ても面白い説」第4弾,芸人が今までで一番面白かった瞬間は誰が見ても面白い説 第4弾 ・ SNS上のリレー 最後うやむやになる説,suiyoubinodowntown,WEDNESDAY DOWNTOWN,水曜日のダウンタウン
229,2020-07-22,2時間SP,ネットニュースに載るまで帰れません ・ 古今東西 日本人知名度ランキング ・ 団長vs春日 我慢頂上決戦,suiyoubinodowntown,WEDNESDAY DOWNTOWN,水曜日のダウンタウン
230,2020-07-29,婚姻届の証人は▼後輩のギャグに難癖チャレンジ▼絵本の読み聞かせでボケたら,一番お世話になった先輩 婚姻届の証人ではっきりする説 ・  FUJIWARA原西 後輩がどんなギャグやっても「それ俺も似たのあるけどパクってない?」と難癖つけること可能説 ・ 絵本の読み聞かせでボケたら 子供でもちゃんとツッコむ説,suiyoubinodowntown,WEDNESDAY DOWNTOWN,水曜日のダウンタウン
231,2020-08-05,今夜はクロちゃんで1時間,リアル豆柴ドミノ,suiyoubinodowntown,WEDNESDAY DOWNTOWN,水曜日のダウンタウン
232,2020-08-12,先輩との真面目な電話中バレずにどれだけ大食い▼ものまね芸人はどれだけご本人のことを分かってる?,真面目な相談の電話中でも しっかり飯食うこと可能説 ・ ものまね芸人がレパートリーにするときの常套句「リスペクトしてるから」怪しい説 ・ ・長渕剛ものまね芸人による“長渕知識No.1決定戦”,suiyoubinodowntown,WEDNESDAY DOWNTOWN,水曜日のダウンタウン
233,2020-08-19,農家に勧められたら▼「キングオブすれ違いコント」▼「ボディ&コール選手権」,農家に勧められたら どんなものでも皮ごといっちゃう説 ・ すれ違いコント 今なら しれっと自分のものに出来る説 (キングオブすれ違いコント) ・ ボディビルの掛け声 芸人がやったらもっと面白くなる説 (ボディ&コール選手権),suiyoubinodowntown,WEDNESDAY DOWNTOWN,水曜日のダウンタウン
234,2020-08-26,「冠番組」が「世界の冠を紹介する」番組のパネラーだったら?▼共演者を全く笑わせない▼色ナシ臭いアリ空気砲,「冠特番」ということで喜んで受けたオファーが「世界の冠を紹介する」という特番のいちパネラーだったとしても「だったらやめます」とは言い出しづらい説 ・ ロケで共演者を全く笑わせないの 逆に難しい説 ・ プロの歌手なら色ナシ臭いアリ空気砲食らっても一切表情を変えることなく歌いきれる説,suiyoubinodowntown,WEDNESDAY DOWNTOWN,水曜日のダウンタウン
235,2020-09-09,飲食店での「いつものやつ下さい」2回目でも可能説▼曲のサビで涙は難しい説▼1円で意外と何でも買える説,飲食店での「いつものやつ下さい」初回で従業員に結構なインパクトを残せれば2回目でも可能説 ・ 曲のサビでちょうど涙は難しい説 第4弾 ・ 1円で意外と何でも買える説,suiyoubinodowntown,WEDNESDAY DOWNTOWN,水曜日のダウンタウン
236,2020-09-16,モノ作りが得意なDIY芸人がDIYドッキリ選手権▼荷台に寿司カウンター搭載の軽トラ,DIYドッキリ選手権 ・ 大食い×マラソン,suiyoubinodowntown,WEDNESDAY DOWNTOWN,水曜日のダウンタウン
237,2020-09-23,突然「愛してるよ」とLINE送っても妻は素直に喜んでくれる説▼「霊感が強い」ヤリにいってる説▼野球漫画史上最強の投,"本当の愛妻家なら突然「愛してるよ」とLINE送っても妻は素直に喜んでくれる説 ・ 「霊感が強い」と自称する女タレント ヤリにいってる説 ・ 野球漫画史上 最強の""防御率No.1""投手ランキング",suiyoubinodowntown,WEDNESDAY DOWNTOWN,水曜日のダウンタウン
238,2020-09-30,『全く同じ事もう1回やってみましたSP』ありそうでなかった特別編,全く同じ事もう1回やってみましたSP ・ ・「後部座席に人がいる」が結局一番怖い説 ・ ・「開けたら人がいる」が結局一番怖い説 ・ ・電話中だったら何を渡されても受け取っちゃう説 ・ ・音声さんの巴投げ 不可避説 ・ ・ツッコミ芸人なら「お前が歌うんかい！」と一発でツッコめる説 ・ ・ロケ中にタレントを撒くことなど容易説 第2弾 ・ ・「ベッドの中に人がいる」が結局一番怖い説 ・ ・芸人なのにエビの食レポで「プリプリ」使ったら終わり説 ・ ・ロケ中にタレントを撒くことなど容易説 ・ ・愛煙家芸人 タバコに火をつけた瞬間に血相を変えたスタッフから「相方が倒れた」と言われてもそのまま捨てることなくひと吸いはする説 ・ ・「俺に何か言わなきゃいけないことないか？」とカマかけられたらベタに余計なこと喋っちゃう説 ・ ・ポケットに知らないお金が入ってたらさすがにネコババしちゃう説 ・ ・テレビに出てる人の声 実はモノマネ芸人がアテレコしていても誰も気づかない説,suiyoubinodowntown,WEDNESDAY DOWNTOWN,水曜日のダウンタウン
239,2020-10-07,"セミの抜け殻を集めながら“セミダブルベッド""完成する説▼手紙で親泣かせに挑戦",この夏 セミの抜け殻を集めながら国道1号線沿いを歩いたら名古屋くらいで“セミダブルベッド”完成する説 ・ 「親を泣かすことが出来たらおもちゃプレゼント」の条件で手紙を書けば 動機はどうあれ結果めちゃくちゃ感動的な手紙になる説,suiyoubinodowntown,WEDNESDAY DOWNTOWN,水曜日のダウンタウン
240,2020-10-21,NSCの芸人版「消えた天才」▼日本一の安宿は1泊1000円を切っているのか?,NSC時代に同期一の天才だった芸人 意外とくすぶってる説 ・ 日本一の安宿 1泊1000円切ってる説,suiyoubinodowntown,WEDNESDAY DOWNTOWN,水曜日のダウンタウン
241,2020-10-28,実は共演NG?ザキヤマとダウンタウンがなんと11年ぶりの共演!▼寝起きアスリートvs春日の5番勝負▼動物園でクサいモノNo.1?,寝起きのアスリートだったら一般人にもわずかに勝機ある説 ・ スカンクのオナラを超えるクサいモノ 動物園には まだまだ存在する説 ・ アンタッチャブル山崎ほど芸風変わった芸人そうそういない説 ・ ザキヤマ ダウンタウンを共演NGにしてた説,suiyoubinodowntown,WEDNESDAY DOWNTOWN,水曜日のダウンタウン
242,2020-11-11,みんなの説SP!,手錠外された後 絶対手首触る説 ・ サイ 呼び捨て説 ・ 70歳以上のおじいちゃんおばあちゃん チュッパチャプス誰も一発で言えない説 ・ ほほがヒゲでモサモサの人 ビンタ効かない説 ・ 喫茶店の「カランコロンカラン」SEでも気付かない説 ・ カニ専門店でカニカマ出されたら見破れない説 ・ 往年のバンド雑誌に載ってるメンバー募集 未だに募集してる可能性も捨てきれない説 ・ ハイキングウォーキングのコーラネタ 高輪ゲートウェイの「ゲー」が鬼門説 ・ 力士 ヴィレヴァンで買い物できない説 ・ 熱々おでん どんなに苦くても「苦い」がくるのは「熱い」のあと説 ・ 「コケコッコー」や「クックドゥードゥルドゥー」など言語によって違いの激しいニワトリの鳴き声表記 音声認識ソフトにかかれば決着つく説 ・ 美容院で注文通りに切っていくと天山の髪型になるオーダーしたら「あ 天山みたいな感じですね」と言われちゃう説 ・ たむけんの前髪クルンが いつもと逆でも気付く人マジで0人説 ・ すごい剣幕で「隠れて!」と言われたら とりあえず隠れちゃう説 ・ ボックスティッシュ向けられたら 特に必要じゃなくてもとりあえず1枚取っちゃう説 ・ カニ ほぼ「ガニ」と呼ばれてる説 ・ 高身長のおばあちゃんが布袋柄の風呂敷背負ってたら 布袋の祖母かと思う説 ・ キウイ 好きな果物ランキングで本当に9位くらい説 ・ インターホンのモニターに映るゴージャス松野 もはや馬が来客したかのように見えるんじゃないか説,suiyoubinodowntown,WEDNESDAY DOWNTOWN,水曜日のダウンタウン
243,2020-11-04,第6回替え歌最強トーナメント、巨乳をチラ見しちゃうお色気ドッキリにおターゲットがその巨乳娘の父親だったら…という”逆お色気ドッキリ”見てらんない説,"第6回 替え歌 最強トーナメント ・ 巨乳をチラ見しちゃうお色気ドッキリのターゲットがその巨乳娘の父親だったら… という ""逆お色気ドッキリ""見てらんない説",suiyoubinodowntown,WEDNESDAY DOWNTOWN,水曜日のダウンタウン
244,2020-11-25,"若手遅刻芸人No.1を決定▼先輩の家でどれだけ長風呂▼天災もこうむっていない“選ばれし地""存在する説","寝坊癖相方 遅刻させチャレンジ ・ 平成以降 いかなる天災もこうむっていない""選ばれし地""存在する説 ・ 先輩の家で長風呂 1時間が限界説",suiyoubinodowntown,WEDNESDAY DOWNTOWN,水曜日のダウンタウン
245,2020-12-02,"意外と知らない“芸人の本名""▼後輩に人望がない芸人▼BKB「バリ」説",芸名と本名の知名度格差が最も大きい芸人 笑福亭鶴瓶説 ・ 後輩に人望がない芸人No.1決定戦 ・ BKB 最初のB 8割「バリ」説,suiyoubinodowntown,WEDNESDAY DOWNTOWN,水曜日のダウンタウン
246,2020-12-09,所持金、5人連続UPまで帰れません▼そんなわけがない芸人情報番組コメンテーター身の程をわきまえず引き受けちゃう説,街行く人の所持金 5人連続UPできるまで帰れません ・ そんなわけがない芸人でも情報番組からコメンテーターのオファーが来たら身の程をわきまえず引き受けちゃう説,suiyoubinodowntown,WEDNESDAY DOWNTOWN,水曜日のダウンタウン
247,2020-12-16,東ブクロ先輩芸人の嫁から色仕掛けくらってもさすがにもう乗ってこない説▼アスリートと暗闇での対決,東ブクロ 先輩芸人の嫁から色仕掛けくらってもさすがにもう乗ってこない説 ・ アスリートと暗闇での対決 暗視スコープをつけてれば一般人にもさすがに勝機ある説,suiyoubinodowntown,WEDNESDAY DOWNTOWN,水曜日のダウンタウン
248,2020-12-23,自分が言った街中あるある探し対決▼電話でキレた剣幕を維持しおかしな姿で登場?  season finale,あるあるネタ 「ある」とは言いながらも実際に探すとなったら困難説 ・ 「今から行くから待ってろ!」と電話でキレてきた相手がその怒りそのままにやってきたとき どんなにおかしな姿でもそこには触れられない説,suiyoubinodowntown,WEDNESDAY DOWNTOWN,水曜日のダウンタウン
249,2021-01-13,"芸人の親が選ぶ“息子が最も輝いていた説""SP",芸人の親が選ぶ 息子が最も輝いていた説SP ・ ・家に人が山ほど隠れていても意外と気付かない説 ・ ・愛煙家 喫煙所までの道のりがどんなに困難でも向かっちゃう説 ・ ・街で母親と出会ってもめちゃくちゃよそよそしかったら そのうちスゴく似ている別人だと思い始める説 ・ ・花見のゴミを集めて桜前線と共に北上すれば そのゴミで作った船で津軽海峡渡れる説 ・ ・帰巣本能 ハトよりヒトの方が優れてる説 ・ ・クロちゃんツイッター企画第2弾 フューチャークロちゃん,suiyoubinodowntown,WEDNESDAY DOWNTOWN,水曜日のダウンタウン
250,2021-01-20,人生初ドッキリ▼オフでデーモンと名乗る男無下にはできない?▼女子中高生の人気芸人ランキング,"ドッキリバージン芸人 人生初のドッキリだったら多少粗くてもすんなり引っかかる説 ・ オフで“デーモンと名乗るおじさん""に話しかけられたら どんなに怪しくても無下にはできない説 ・ 女子中高生の人気芸人ランキング さすがのさすがにもうNON STYLEランク外説",suiyoubinodowntown,WEDNESDAY DOWNTOWN,水曜日のダウンタウン
251,2021-01-27,芸能人が持ち寄った説を検証,巨大借り物競争 ・ ロード 㐧15章 一般募集,suiyoubinodowntown,WEDNESDAY DOWNTOWN,水曜日のダウンタウン
252,2021-02-03,2020年ドッキリにかけられた芸能人ランキング,2020年 予告ドッキリ ・ 豆柴の大群“フィーチャリングゲスト”ランクアップチャレンジ,suiyoubinodowntown,WEDNESDAY DOWNTOWN,水曜日のダウンタウン
253,2021-02-10,豆柴の大群”フィーチャリングゲスト”ランクアップチャレンジ,豆柴の大群“フィーチャリングゲスト”ランクアップチャレンジ 完結編(クロちゃん1ヵ月の体重減に応じて豆柴の大群の新曲ゲストがランクアップ),suiyoubinodowntown,WEDNESDAY DOWNTOWN,水曜日のダウンタウン
254,2021-02-17,英語禁止ボウリング▼イタコが降ろした故人にも催眠術かけられる説 イタコが降ろした故人に、別人になる催眠術?,ネタ番組でつけられたキャッチフレーズ どんなにしんどいモノでも渋々受け入れちゃう説 ・ 英語禁止ボウリング すゑひろがりず最強説 ・ イタコが降ろした故人にも催眠術かけられる説,suiyoubinodowntown,WEDNESDAY DOWNTOWN,水曜日のダウンタウン
255,2021-02-24,「今から行くから待ってろ!」どんなにおかしな姿でも触れられない説 第2弾 ▼「男の知名度100%」「女の知名度0%」,「今から行くから待ってろ!」と電話でキレてきた相手が その怒りそのままにやってきたとき どんなにおかしな姿でも そこには触れられない説 第2弾 ・ 「男の知名度100%」で「女の知名度0%」のモノ ギリ存在する説,suiyoubinodowntown,WEDNESDAY DOWNTOWN,水曜日のダウンタウン
256,2021-03-10,ＳＰ まだ誰もやってないモノマネ王座決定戦・CMホントドッキリ,“まだ誰もやってない” モノマネ王座決定戦 ・ CMホントドッキリ ・ クイックマッスル×クイズ,suiyoubinodowntown,WEDNESDAY DOWNTOWN,水曜日のダウンタウン
257,2021-03-17,東大王コラボSP,大声×クイズ ・ 極寒×クイズ ・ 不眠×クイズ,suiyoubinodowntown,WEDNESDAY DOWNTOWN,水曜日のダウンタウン
258,2021-03-24,30-1グランプリ,30-1グランプリ,suiyoubinodowntown,WEDNESDAY DOWNTOWN,水曜日のダウンタウン
259,2021-03-31,安全靴の説ほか…みんなの説SP,一人暮らしでもトイレに入ってる時 ノックされたら「入ってます」と言っちゃう説 ・ どんなゲテモノでもマシュマロキャッチの流れで投げられたら食べちゃう説 ・ 小学校や中学校の校名に入ってる方角「東」が多い説 ・ サウナの中だったら熱々の食べ物も普通に食える説 ・ ズボンの裾が縫い付けてあったら転倒不可避説 ・ 夏休みに自転車で日本一周してた小学生 さぞ立派な大人になってる説 ・ 築年数MAXの賃貸物件 江戸時代の建物説 ・ 「ジミーちゃんやってる?」のフリ 今 小学生から振られたら驚きが勝って流石のジミーも即座には返せない説 ・ 姉が踊り子で妹が占い師のマーニャとミネアパターン姉妹どこかに存在する説 ・ 「ずんのやす」なぜか間に「の」絶対入る説 ・ 犬より早く水を舐めつくすこと不可能説 ・ 安全靴 マジで安全説 ・ ビトタケシの似顔絵を見せて「誰の似顔絵?」一撃で「ビトタケシ」と答えられるヤツ マジで0人説 ・ 部屋に閉じ込められた人 最初にカギがかかってたら そのあと開いてても気付かない説 ・ 日本一海から遠いところにある寿司屋 鮮度心配説 ・ 布袋柄の服を着た子供が商業施設で迷子になっていたら「布袋柄の服をお召しになった･･･」と的確にアナウンスしてくれる説 ・ 「ずんのやす」なぜか間に「の」絶対入る説 その②,suiyoubinodowntown,WEDNESDAY DOWNTOWN,水曜日のダウンタウン
260,2021-04-14,アメとムチならムチが力出る 昭和めちゃくちゃ説 新脱出企画,アメとムチならムチの方が力出る説 第2弾 ・ 昭和 今考えるとめちゃくちゃ説 ・ たとえ閉じ込められていても「今日のラッキーアイテム」さえ手に入ればそのラッキーで脱出できる説,suiyoubinodowntown,WEDNESDAY DOWNTOWN,水曜日のダウンタウン
261,2021-04-21,壮大な脱出企画がついに完結!,たとえ閉じ込められていても「今日のラッキーアイテム」さえ手に入ればそのラッキーで脱出できる説 完結編,suiyoubinodowntown,WEDNESDAY DOWNTOWN,水曜日のダウンタウン
262,2021-05-05,ヤラセに加担してしまうのか…禁断のドッキリ検証 ほか,ヤラセ設定持ちかけられた芸人 番組成立のためならついつい片棒担いじゃう説 ・ 名前貸しのプロデュースオファー どんなにしんど目の内容でもギャラ次第では受けちゃう説,suiyoubinodowntown,WEDNESDAY DOWNTOWN,水曜日のダウンタウン
263,2021-05-12,4年ぶりお寿司の達人 ほか,お寿司の達人 第5弾 ・ 隣のヤツがとんでもないゴシップ話してたら仕事そっちのけで釘付けになっちゃう説,suiyoubinodowntown,WEDNESDAY DOWNTOWN,水曜日のダウンタウン
264,2021-05-26,知り合いの中から好きな人順に告白していけば誰でもさすがに100人以内で恋人できる説▼お互いに自分がマジギレドッキリの仕掛け人だと思ってる…ダブルマジギレドッキリ,知り合いの中から好きな人順に告白していけば誰でもさすがに100人以内で恋人できる説 ・ ダブルマジギレドッキリ,suiyoubinodowntown,WEDNESDAY DOWNTOWN,水曜日のダウンタウン
265,2021-06-02,"マネージャーのケンカを止めたら…鬼越トマホークの「うるせえなぁ!」を食らう""リアル鬼越ドッキリ""▼都内最安物件を調査▼歴代売れなかった芸人ＣＤランキング",突然マネージャーから鬼越トマホークの「うるせえなぁ!」のくだり食らったら意外とシリアスな状況になっちゃう説 ・ むつみ荘 令和になっても都内で最もお得説 ・ 史上最も売れなかった芸人のCD ハリセンボンの「ともだちのうた」説,suiyoubinodowntown,WEDNESDAY DOWNTOWN,水曜日のダウンタウン
266,2021-06-09,ゴシップ話で釘付けチャレンジ第2弾 ほか,隣のヤツがとんでもないゴシップ話してたら仕事そっちのけで釘付けになっちゃう説 第2弾 ・ 「俺 迷惑系YouTuberになる」と子供から言われて「お前が選んだ道なら…」と応援スタンスをとる親などいない説,suiyoubinodowntown,WEDNESDAY DOWNTOWN,水曜日のダウンタウン
267,2021-06-16,「馬用」と聞かされれば強めの効果期待しちゃう説▼「あの人は今」が別人だったら指摘できる?▼夫婦コンビの妻が「離婚」か「コンビ解散」の究極の2択を迫るドッキリ,「家庭と仕事どっちが大事なの?」の究極 夫婦コンビの妻から「離婚」か「コンビ解散」の2択迫られるパターン説 ・ 「あの人は今」で全く別人が出てきても指摘できない説 第2弾 ・ 「馬用」と聞かされれば強めの効果期待しちゃう説,suiyoubinodowntown,WEDNESDAY DOWNTOWN,水曜日のダウンタウン
268,2021-06-23,知り合いの中から好きな人順に告白していけば誰でもさすがに100人以内で恋人できる説 第2弾 ほか,知り合いの中から好きな人順に告白していけば誰でもさすがに100人以内で恋人できる説 第2弾 ・ 打ち合わせ中 隣の部屋からカレーの匂いを送り続けたら その後全員カレー食う説 第2弾,suiyoubinodowntown,WEDNESDAY DOWNTOWN,水曜日のダウンタウン
269,2021-06-30,リアル鬼越ドッキリ第2弾 ほか,突然マネージャーから鬼越トマホークの「うるせえなぁ!」のくだり食らったら意外とシリアスな状況になっちゃう説 第2弾 ・ 自分の商売道具 完璧に把握していなければプロ失格説 第2弾 ・ SONY芸人 SONY製品持ってないとは言わせない説,suiyoubinodowntown,WEDNESDAY DOWNTOWN,水曜日のダウンタウン
270,2021-07-14,声を操るプロ声優ならモノマネも上手いはず説▼激辛好きvs辛さは苦手な大食いのデスソース1L早消費対決▼逆に林家ぺーの誕生日を知っている芸能人、悲しいかないない説,声を操るプロ 声優ならモノマネも上手いはず説 ・ 辛さに強い人vs辛さは苦手な大食いの「激辛大食い」トントン説 ・ 逆に林家ぺーの誕生日を知っている芸能人 悲しいかないない説,suiyoubinodowntown,WEDNESDAY DOWNTOWN,水曜日のダウンタウン
271,2021-07-21,芸人が今までで一番スゴいと思ったコメント調査▼「お前が歌うんかい!」のパターン、ツッコミ芸人ならどんな状況でも一発でツッコめる説▼リアル鬼越ドッキリFINAL,芸人が今までで一番スゴいと思ったコメント調査 ・ 「お前が歌うんかい!」のパターン ツッコミ芸人ならどんな状況でも一発でツッコめる説 第2弾 ・ 突然マネージャーから鬼越トマホークの「うるせえなぁ!」のくだり食らったら意外とシリアスな状況になっちゃう説 FINAL,suiyoubinodowntown,WEDNESDAY DOWNTOWN,水曜日のダウンタウン
272,2021-08-11,突然ネタのアドバイスをしてきた老紳士が後日TV局の取締役として収録現場に現れたら… ほか,マヂカルラブリーの「つり革ネタ」級にゆれる電車があっても 野田クリスタルなら最後まで立っていられるはず説 ・ 突然ネタに関するアドバイスをしてきた老紳士が 後日テレビ局の取締役として収録現場に現れたら急ピッチで言われた通りにネタ修正しちゃう説,suiyoubinodowntown,WEDNESDAY DOWNTOWN,水曜日のダウンタウン
273,2021-08-18,サードシートにも人がいるドッキリ ほか,「後部座席に人がいる」の仕掛け人に仕掛ける「サードシートにも人がいる」が結局一番怖い説 ・ マニアックすぎて1つも売れたことがない業務用機械 存在する説 ・ 釣りで大物がかかって海に引っ張られる演技をすれば 最大5人は道連れに落ちれる説,suiyoubinodowntown,WEDNESDAY DOWNTOWN,水曜日のダウンタウン
274,2021-08-25,「クロちゃん新企画」で１時間！,クロちゃん 部屋ごと無人島生活,suiyoubinodowntown,WEDNESDAY DOWNTOWN,水曜日のダウンタウン
275,2021-09-01,「クロちゃん部屋ごと無人島生活」がついに完結！,クロちゃん 部屋ごと無人島生活→クロちゃん緊急新居探し企画,suiyoubinodowntown,WEDNESDAY DOWNTOWN,水曜日のダウンタウン
276,2021-09-08,音楽にまつわる説を検証,芸人の名前だけでいい感じの歌詞作れる説 第2弾 ・ 宇多田ヒカル/First Loveの「誰を思ってるんだろう」の部分 カラオケで全員「誰を思ってるんだはー」と歌う説 ・ 吉幾三の「俺ら東京さ行ぐだ」と同じ状況の村 現存する説 ・ ワークマンと新日本ハウスの曲 いずれかを歌ったが最後 もう一方は2度と思い出せない説 ・ 矢口真里 説教食らった後にカラオケで「恋のダンスサイト」歌われてもさすがに「セクシービーム」入れづらい説 ・ 店内BGM 有名曲が違う歌詞になっていても気付かない説 ・ 歯なし 歌下手説 ・ SADSの「忘却の空」を超える清春の超クセソング聞き取りチャレンジ,suiyoubinodowntown,WEDNESDAY DOWNTOWN,水曜日のダウンタウン
277,2021-09-15,睡眠タライチャレンジ ほか,説教中に長渕の歌詞 自然に盛り込むこと可能説 ・ 強い意思があれば寝た後の体もコントロールできる説 ・ 東京モノレールの「整備場駅」が最寄駅の住人いない説,suiyoubinodowntown,WEDNESDAY DOWNTOWN,水曜日のダウンタウン
278,2021-09-22,マツケンサンバを踊りながら泣くことなど出来ない説など,マツケンサンバを踊りながら泣くことなど出来ない説 ・ 相方“2度見させ”選手権,suiyoubinodowntown,WEDNESDAY DOWNTOWN,水曜日のダウンタウン
279,2021-09-29,おぼん･こぼんヒストリー,おぼん・こぼんヒストリー,suiyoubinodowntown,WEDNESDAY DOWNTOWN,水曜日のダウンタウン
280,2021-10-06,おぼん・こぼん THE FINAL,おぼん・こぼん THE FINAL,suiyoubinodowntown,WEDNESDAY DOWNTOWN,水曜日のダウンタウン
281,2021-10-13,説教中に長渕の歌詞､自然に盛り込むこと可能説 第2弾 ほか,説教中に長渕の歌詞 自然に盛り込むこと可能説 第2弾 ・ モノマネ番組の子供そっくりさん 今いよいよご本人そっくりになってる説 ・ 嫁対抗 寝言で夫笑わせ選手権,suiyoubinodowntown,WEDNESDAY DOWNTOWN,水曜日のダウンタウン
282,2021-10-20,生放送の裏で色々やってましたSP,「ラヴィット!」の女性ゲストを大喜利芸人軍団が遠隔操作すればレギュラーメンバーより笑い取れる説 ・ 天才松本人志と全く同じセンスを持つ芸人発掘プロジェクト,suiyoubinodowntown,WEDNESDAY DOWNTOWN,水曜日のダウンタウン
283,2021-11-10,関西人狼 ほか,関西人狼 ・ レジ袋なしでコンビニから商品を持って帰れる限界 1万円分説 ・ 神輿ダコの人 コロナ禍でそろそろタコ消失説,suiyoubinodowntown,WEDNESDAY DOWNTOWN,水曜日のダウンタウン
284,2021-11-17,パネラーの説検証SP 第3弾,ブチギレてるやつ 存在しない言葉使ってもバレない説 ・ 内藤剛志 この20年 刑事役以外やってない説 ・ 1巻を読んだ帰り道に思わず2巻を買ってしまうマンガこそ本当に面白いマンガ説 ・ 子守唄 どんな歌詞でも赤ちゃんは寝る説,suiyoubinodowntown,WEDNESDAY DOWNTOWN,水曜日のダウンタウン
285,2021-11-24,落とし穴に落ちたのに一向にネタばらしが来ないまま日が暮れたら正気じゃいられない説,落とし穴に落ちたのに一向にネタばらしが来ないまま日が暮れたら正気じゃいられない説,suiyoubinodowntown,WEDNESDAY DOWNTOWN,水曜日のダウンタウン
286,2021-12-01,めちゃくちゃうるさい所で寝てたら逆に静かになった瞬間目が覚める説▼果物の方のボンタンを収穫することも「ボンタン狩り」と言う説▼トラメガ無能説 など15説を検証,女優ライト MAXで当てたら正体不明説 ・ 「停電から復旧したら人がいる」が結局 一番怖い説 ・ プロレスラー 噴水相手にも3カウント取れる説 ・ お台場に一戸建て存在しない説 ・ 電話越しならジジイでも相手に子供だと思わせること可能説 ・ 保留 先輩からの電話でも待てて10分説 ・ 賞レースで優勝したらマジで身に覚えの無いヤツからも連絡くる説 第2弾 ・ 果物の方のボンタンを収穫することも「ボンタン狩り」と言う説 ・ めちゃくちゃうるさい所で寝てたら逆に静かになった瞬間 目が覚める説 ・ 若手芸人がめちゃくちゃノブの口調だったら先輩もさすがに注意する説 ・ どう見ても80超えの お年寄りに年齢を聞いて「60歳です」と ありえない若い年齢が返ってきたたときのコメントも やっぱり「見えないですね」説 ・ トラメガ 無能説 ・ あの揚げ菓子の呼び名 チュロス50% チュリトス30% チュロ20%説 ・ 「yuri_ebihara」のアカウントだけ見せて「誰のインスタでしょう?」と聞いたら後楽園周辺では「蛯原友里」と「ユーリ海老原」で半々説 ・ シールを貼って街の意見を聞くスタイルの投票 抱かれたいミュージシャンが布袋寅泰99票 福山雅治0票の状態で聞かれたら流されて布袋に貼っちゃう可能性もある説,suiyoubinodowntown,WEDNESDAY DOWNTOWN,水曜日のダウンタウン
287,2021-12-08,久しく見ていない女タレントが死ぬほど整形指摘しづらい説など,久しく見ていない女タレントが死ぬほど整形していても指摘しづらい説 ・ 売れない芸人対抗 楽屋の弁当持って帰り王決定戦,suiyoubinodowntown,WEDNESDAY DOWNTOWN,水曜日のダウンタウン
288,2021-12-15,第7回替え歌最強トーナメント！審査員は東大生▼おじいちゃんによる「孫笑わせ選手権」で孫が全く笑わない逆ドッキリ切ない説▼ザ・たっちにもピンの仕事あるにはある説,第7回 替え歌 最強トーナメント ・ おじいちゃんによる「孫笑わせ選手権」で孫が全く笑わない逆ドッキリ 切ない説 ・ ザ・たっちにもピンの仕事 あるにはある説,suiyoubinodowntown,WEDNESDAY DOWNTOWN,水曜日のダウンタウン
289,2021-12-22,ホントドッキリ 第3弾　ほか  season finale,どこにもカメラが見当たらない狂気のロケでもゲストに指摘されずに進めること可能説 ・ 泣き落としのトークがどんなに上手くても最終的に「かあさんの歌」で泣かせるの困難説 ・ 「帯番組」のMCということで喜んで受けたオファーが「着物の帯を紹介する番組」だったとしても「だったらやめます」とは言い出しづらい説,suiyoubinodowntown,WEDNESDAY DOWNTOWN,水曜日のダウンタウン
290,2022-01-12,令和最強ボロ実家決定戦　ほか,サンシャイン池崎の実家 令和になってもボロさ最強説 ・ 大食い×ストラックアウト ・ 歩きながら電話してる人 相手から衝撃的なこと伝えられたら立ち止まる説,suiyoubinodowntown,WEDNESDAY DOWNTOWN,水曜日のダウンタウン
291,2022-01-19,クロちゃん宅に潜伏中・日本一学校から遠い家,クロちゃん宅に潜伏中 ・ 日本一学校から遠い家に住んでる子供 毎朝5時起き説,suiyoubinodowntown,WEDNESDAY DOWNTOWN,水曜日のダウンタウン
292,2022-01-26,不仲芸人対抗！スピード解散選手権　ほか,女子中高生の人気芸人ランキング なんぼなんでもNON STYLEもうランク外説 ・ 不仲芸人対抗 スピード解散選手権,suiyoubinodowntown,WEDNESDAY DOWNTOWN,水曜日のダウンタウン
293,2022-02-09,2021年、ドッキリにかけられた芸能人ランキング,2021年 予告ドッキリ ・ 雪山 風船太郎レース,suiyoubinodowntown,WEDNESDAY DOWNTOWN,水曜日のダウンタウン
294,2022-02-16,チョウチンアンコウの罠・ハッピーサプライズでウレション他,チョウチンアンコウの罠 人間にも通用する説 ・ 輪ゴムが10本あれば誰でも正体不明に出来る説 ・ ハッピーサプライズを仕掛けた相手がウレションしたら仕掛け人の方 一瞬で真顔になる説 ・ 2段ベッドで寝てる夫婦などいない説,suiyoubinodowntown,WEDNESDAY DOWNTOWN,水曜日のダウンタウン
295,2022-02-23,自分の私物を他人が身につけていても気づかない説　芸人それぞれの浅草キッドある説　他,自分の私物を他人が身に付けてても意外と気付かない説 第2弾 ・ 芸人なら誰しも自分なりの浅草キッドある説,suiyoubinodowntown,WEDNESDAY DOWNTOWN,水曜日のダウンタウン
296,2022-03-02,芸人が今までで凄いと思ったコメント調査第2弾 ほか 芸人が今までで凄いと思ったコメント調査第2弾 どれだけ苦手な食べ物でもその最高峰を食べたら「うまい」と感じる説,芸人が今までで一番スゴいと思ったコメント調査 第2弾 ・ どれだけ苦手な食べ物でも その最高峰を食べたら旨いと感じる説,suiyoubinodowntown,WEDNESDAY DOWNTOWN,水曜日のダウンタウン
297,2022-03-09,長い説タイトルランキング,長い説タイトルランキングSP,suiyoubinodowntown,WEDNESDAY DOWNTOWN,水曜日のダウンタウン
298,2022-03-23,リアルにへーと言わせるのは難しい説、関根勤の芸後継者いない説,リアルに「へぇ」と言わせるの難しい説 ・ 素人を紹介する際にピッタリの一言を添える関根勤のあの芸 後継者いない説 ・ Tシャツたたみのあの裏ワザ 起源謎説,suiyoubinodowntown,WEDNESDAY DOWNTOWN,水曜日のダウンタウン
299,2022-04-06,本物のハチ公見たことある人まだいる説　キャラ被りに難癖など,本物のハチ公を見たことがある人 まだギリこの世にいる説 ・ 「それ俺の方が先にやってる」とキャラ被りに難癖つけてくる先輩 かわすのムズい説 ・ ほんこんの本名 フルで答えられる若手いない説,suiyoubinodowntown,WEDNESDAY DOWNTOWN,水曜日のダウンタウン
300,2022-04-13,30-1グランプリ 2022,30-1グランプリ 2022,suiyoubinodowntown,WEDNESDAY DOWNTOWN,水曜日のダウンタウン
301,2022-04-20,ダイアン100ゴイゴイスゥー　ホラードッキリほか,ダイアン津田「ごいごいすー」言わせようとすると逆に意外と言わない説 ・ 出演者が店に直接許可を取るタイプの街ブラロケで店に入った相方が待てど暮らせど戻って来なかったら最悪の事態も想像しちゃう説,suiyoubinodowntown,WEDNESDAY DOWNTOWN,水曜日のダウンタウン
302,2022-04-27,「帰宅したらトイレにカギがかかってる」も結構怖い説,「帰宅したらトイレに鍵がかかってる」も結構怖い説 ・ 若手芸人 コンプライアンスでがんじがらめにされても従わざるを得ない説,suiyoubinodowntown,WEDNESDAY DOWNTOWN,水曜日のダウンタウン
303,2022-05-04,みんなの説SP,メシ屋で提供が早すぎたら それはそれで おっかない説 ・ プラス・マイナスの岩橋の「体つきモノマネ」細い人でも細いなりのパターンできる説 ・ 引退試合でデッドボール食らった人 さすがに いない説 ・ 剣道 びんぼっちゃまスタイルでもバレない説 ・ ポパイの弁当に入ってる卵が生卵でも気付きようない説 ・ フラッシュ暗算 途中に めちゃ気が散る画像挟まれたら さすがの暗算名人でも正解出せない説 ・ ウエイトリフティング 水中なら世界記録出せる説 ・ 「お風呂が沸きました」生声でも意外と気付かない説 ・ アニマル浜口の「気合いだー!」連発 両手が塞がってたら どこで止めていいか分からなくなる説 ・ ポパイの弁当に入ってる卵が生卵でも気付きようない説 その2 ・ 池谷直樹 普通にも走れる説 ・ ルービックキューブ 1色多くてもバカは永遠に気付かない説 ・ 函館の夜景 北海道のデカさナメてて場所勘違いしてる人 結構いる説 ・ 本屋の店員 制服がエプロンなの謎説 ・ 女性のショートカット率 年代と ほぼ一致説 ・ 「布袋モデル」と言われたら どんなにデカいギターでも信じちゃう説,suiyoubinodowntown,WEDNESDAY DOWNTOWN,水曜日のダウンタウン
304,2022-05-11,風船バレー大人がマジでやったら終わらない説など,風船バレー 大人がマジでやったらなかなか決着つかない説 ・ 自分の私物を他人が身に付けてても意外と気付かない説 第3弾,suiyoubinodowntown,WEDNESDAY DOWNTOWN,水曜日のダウンタウン
305,2022-05-18,"全部""逆ドッキリ""にしてみましたSP",「今から行くから待ってろ!」と電話でキレてきた相手がその怒りそのままにやってきたとき どんなにおかしな姿でもそこには触れられない説 ・ 有名人の身内 気をつけないと悪いモノマネ芸人にオレオレ詐欺で騙される説 ・ ブチギレてるやつ 存在しない言葉使ってもバレない説 ・ 社交ダンスのパートナーからの内股 不回避説 ・ 真面目な相談の電話中でも しっかり飯食うこと可能説 ・ 「おはようございます」「お」と「す」さえ合っていれば間は何でもいける説,suiyoubinodowntown,WEDNESDAY DOWNTOWN,水曜日のダウンタウン
306,2022-05-25,ハプニング盛り込みネタ選手権など,どんな芸人でもめちゃくちゃ地元なら好きな芸人ランキングで1位になれる説 第2弾 ・ ハプニング盛り込みネタ選手権,suiyoubinodowntown,WEDNESDAY DOWNTOWN,水曜日のダウンタウン
307,2022-06-01,今回は1時間通し企画の「特別編」,伝説の女“K.カズミ”の真相に迫る,suiyoubinodowntown,WEDNESDAY DOWNTOWN,水曜日のダウンタウン
308,2022-06-08,芸人コンビのネタ作ってない方、相方がどんなにつまんないネタ作ってきても文句言う権利ない説,街中異種ビンゴ大会 第2弾 ・ 芸人コンビのネタ作ってない方 相方がどんなにつまんないネタ作ってきても文句言う権利ない説 第2弾,suiyoubinodowntown,WEDNESDAY DOWNTOWN,水曜日のダウンタウン
309,2022-06-15,しんどい先輩芸人からYouTubeでコラボしたいと言われた時の断り方ムズい説,しんどい先輩芸人からYouTubeでコラボしたいと言われた時の断り方ムズい説 ・ タイミングよく屁をかませばブーブークッションに引っかかったと思わせることも可能説,suiyoubinodowntown,WEDNESDAY DOWNTOWN,水曜日のダウンタウン
310,2022-06-22,タッグ相撲最強コンビ決定戦,タッグ相撲 最強コンビ決定戦 ・ 相方“2度見させ”選手権 第2弾,suiyoubinodowntown,WEDNESDAY DOWNTOWN,水曜日のダウンタウン
311,2022-06-29,マツケンサンバを踊りながら泣くことなど出来ない説,マツケンサンバを踊りながら泣くことなど出来ない説 第2弾 ・ 陰口引き出し王決定戦,suiyoubinodowntown,WEDNESDAY DOWNTOWN,水曜日のダウンタウン
312,2022-07-06,子ども、母、祖母、曾祖母とバトンをつなぐ4世代家族対抗リレー対決の第3弾,「4世代対抗リレー」第3弾 ・ 説教中の『帰れ！』額面通り受け取るわけにはいかない説」第2弾,suiyoubinodowntown,WEDNESDAY DOWNTOWN,水曜日のダウンタウン
313,2022-07-13,街行く人の名前に入っている食材で料理・大江豊なら裏の人間性が悪くても,「街中人名クッキング」 ・ 大江裕なら裏の顔がどんなにヤバくても さほど違和感なく受け入れちゃう説,suiyoubinodowntown,WEDNESDAY DOWNTOWN,水曜日のダウンタウン
314,2022-07-27,芸人が今までで一番面白かった映像を紹介など,芸人が今までで一番面白かった瞬間は誰が見ても面白い説 第5弾 ・ 街で「ファンなんです」と声かけてくるファンに限って たいしたファンじゃない説 第2弾 ・ お見送り芸人しんいちのR-1トロフィー もう誰も笑ってない説,suiyoubinodowntown,WEDNESDAY DOWNTOWN,水曜日のダウンタウン
315,2022-08-03,地元ロケで同級生がめちゃくちゃ盛ったエピソード出してきても合わせざるを得ない説,取材拒否の店を引き当てるまで食レポし続けるロケ めちゃくちゃしんどい説 ・ 地元ロケで同級生がめちゃくちゃ盛ったエピソード出してきても合わせざるを得ない説,suiyoubinodowntown,WEDNESDAY DOWNTOWN,水曜日のダウンタウン
316,2022-08-10,旅行先起きて誰もいなくなっていたら辛い説・四の地固め伝えるの不可能説・ポツンと店舗存在する説,旅行先で朝起きたとき誰もいなくなってたら だいぶ切ない説 ・ 4の字固め 女性に電話口で伝えるの不可能説 第2弾 ・ どんな業態の店でもポツンと店舗 存在する説,suiyoubinodowntown,WEDNESDAY DOWNTOWN,水曜日のダウンタウン
317,2022-08-24,事務所が痛みを伴う罰ゲームのために「特別な訓練」の講習を開催しても昨今の状況なら受け入れちゃう説▼鯉のエサ消費池No.1決定戦,事務所が痛みを伴う罰ゲームのために「特別な訓練」の講習を開催しても昨今の状況なら受け入れちゃう説 ・ 鯉のエサ消費池No.1決定戦,suiyoubinodowntown,WEDNESDAY DOWNTOWN,水曜日のダウンタウン
318,2022-08-31,2代目関根勤選手権第2弾・街でデカい駒を集めて将棋対決など,2代目関根勤選手権 第2弾 ・ 街でデカい駒を集めて将棋対決 ・ どぶろっく どんな芸人の歌ネタでも面白くカバーできる説,suiyoubinodowntown,WEDNESDAY DOWNTOWN,水曜日のダウンタウン
319,2022-09-07,47都道府県全てで説検証してる説,47都道府県全てで説検証してる説,suiyoubinodowntown,WEDNESDAY DOWNTOWN,水曜日のダウンタウン
320,2022-09-21,お化け屋敷でお化けメイクして捕られていたら・クイズヒーロショー,お化け屋敷のルート中にお化けメイクされて捕えられてたら めちゃ助けてもらいづらい説 ・ この世で最もこすられてるネタ FUJIWARAのヒーローショー説,suiyoubinodowntown,WEDNESDAY DOWNTOWN,水曜日のダウンタウン
321,2022-10-12,芸能人の地元探れば元カレ元カノぐらい簡単に見つかる説…国道ラーメンマラソン,芸能人の地元探れば元カレ元カノぐらい簡単に見つかる説 第2弾 ・ 国道ラーメンマラソン,suiyoubinodowntown,WEDNESDAY DOWNTOWN,水曜日のダウンタウン
322,2022-10-19,理由をつけて現金1000万円を渡すことはできるのか？など,1000万円を受け取ってもらうの逆に難しい説 ・ 「いいえ 私はさそり座の女」条件次第で言わせることも可能,suiyoubinodowntown,WEDNESDAY DOWNTOWN,水曜日のダウンタウン
323,2022-10-26,部屋に人がいるに大丈夫ですかときたら助けを求めちゃう説・突撃隣の冷蔵庫,「部屋に人がいる」で驚いてる所に「大丈夫ですか?」ともう1人入ってきたら そいつの怪しさ忘れて つい助け求めちゃう説 ・ 突撃! 隣の冷蔵庫,suiyoubinodowntown,WEDNESDAY DOWNTOWN,水曜日のダウンタウン
324,2022-11-02,青ライダース細身ハゲがテレビ局にいたら小峠だと思って挨拶しちゃう説など15説を一気に検証, ・  ・  ・  ・  ・  ・  ・  ・  ・  ・  ・  ・  ・  ・ ,suiyoubinodowntown,WEDNESDAY DOWNTOWN,水曜日のダウンタウン
325,2022-11-09,第8回替え歌最強トーナメント・クロちゃん3年ぶり新連載,,suiyoubinodowntown,WEDNESDAY DOWNTOWN,水曜日のダウンタウン
326,2022-11-16,芸人なら部屋に隠れた芸人を笑わせられる説・モンスターラブ沖縄共同生活編,,suiyoubinodowntown,WEDNESDAY DOWNTOWN,水曜日のダウンタウン
327,2022-11-30,語尾が「ゲス」の人などのさすがにいるワケない人探し▼クロちゃん「モンスターラブ」第3話,,suiyoubinodowntown,WEDNESDAY DOWNTOWN,水曜日のダウンタウン
328,2022-12-07,芸人が今までで一番面白かった瞬間はみんなおもしろい説・モンスターラブ第4話,,suiyoubinodowntown,WEDNESDAY DOWNTOWN,水曜日のダウンタウン
329,2022-12-14,いい意味でをつければどんな悪口でも怒られない説・モンスターラブ第5話,,suiyoubinodowntown,WEDNESDAY DOWNTOWN,水曜日のダウンタウン
330,2022-12-21,クロちゃんの恋人探し企画“モンスターラブ”最終回,,suiyoubinodowntown,WEDNESDAY DOWNTOWN,水曜日のダウンタウン
331,2023-01-11,身代わり数珠つなぎカラオケ,,suiyoubinodowntown,WEDNESDAY DOWNTOWN,水曜日のダウンタウン
332,2023-01-18,身代わり数珠繋ぎカラオケ〜完結編・愛煙家対抗 負け残りタバコ我慢対決,,suiyoubinodowntown,WEDNESDAY DOWNTOWN,水曜日のダウンタウン
333,2023-01-25,犯人を見つけるまでミステリードラマの世界から抜け出せないドッキリしんどい説・どんなにニンニク食ってもニンニク食べましたと指摘されるの意外と難しい説,,suiyoubinodowntown,WEDNESDAY DOWNTOWN,水曜日のダウンタウン
334,2023-02-01,熊本県ならどの家庭にも必ずくまモン1匹はいる説・81歳となったミスター押忍が3年ぶりに空手全国大会に再挑戦！,,suiyoubinodowntown,WEDNESDAY DOWNTOWN,水曜日のダウンタウン
335,2023-02-08,2022年最もドッキリに騙され王恒例1週間予告どっきり・モンスターラブその後,,suiyoubinodowntown,WEDNESDAY DOWNTOWN,水曜日のダウンタウン
336,2023-02-15,喫煙所で隣から強力ゴシップが聞こえてきたらタバコを何本吸い続けてしまうのか？▼クロちゃんリチカップルの温泉旅行▼アイドルグループ“都内某所”の新メンバーが決定！,,suiyoubinodowntown,WEDNESDAY DOWNTOWN,水曜日のダウンタウン
337,2023-02-22,オフの相方を爆笑させるの難しい説・取るなというアイマスクを外させるの難しい説,,suiyoubinodowntown,WEDNESDAY DOWNTOWN,水曜日のダウンタウン
338,2023-03-08,砂かけババア、部屋に出たら最悪説・買取査定ヒッチハイクレース,,suiyoubinodowntown,WEDNESDAY DOWNTOWN,水曜日のダウンタウン
339,2023-03-22,Tver アワードバラエティ賞,,suiyoubinodowntown,WEDNESDAY DOWNTOWN,水曜日のダウンタウン
340,2023-03-29,令和のヨイショ王決定戦・幼稚園でのかくれんぼ・「喧嘩・形」の大会,,suiyoubinodowntown,WEDNESDAY DOWNTOWN,水曜日のダウンタウン
341,2023-04-05,テレビに食べ物が映ったら同じもの食わなきゃいけない24時間・互いに仕掛け人だと思っている2人がすれ違いざまにゴレーッ！,,suiyoubinodowntown,WEDNESDAY DOWNTOWN,水曜日のダウンタウン
342,2023-04-12,30-1グランプリ,,suiyoubinodowntown,WEDNESDAY DOWNTOWN,水曜日のダウンタウン
343,2023-04-19,日本の有名人知名度ランキングTOP100▼新人マネージャーと名乗る男と山奥のロケ先に向かってる途中、本当のマネージャーから「そんなヤツ知らない」と電話がきたら？,,suiyoubinodowntown,WEDNESDAY DOWNTOWN,水曜日のダウンタウン
344,2023-04-26,旅番組と思ったら足袋番組に・いびきだけだパートナーを当てる,,suiyoubinodowntown,WEDNESDAY DOWNTOWN,水曜日のダウンタウン
345,2023-05-03,みんなの説スペシャル,,suiyoubinodowntown,WEDNESDAY DOWNTOWN,水曜日のダウンタウン
346,2023-05-10,トリオ芸人ひとり抜けてポンコツだけ残ったらコンビ続けない説・くさい匂いで神経衰弱,,suiyoubinodowntown,WEDNESDAY DOWNTOWN,水曜日のダウンタウン
347,2023-05-24,どこにもカメラが見当たらない狂気のロケ・街ゆく人から「いくつに見えます？」の逆クイズ,,suiyoubinodowntown,WEDNESDAY DOWNTOWN,水曜日のダウンタウン
348,2023-05-31,ぬるっとクイズ王・第2回タッグ相撲最強コンビ,,suiyoubinodowntown,WEDNESDAY DOWNTOWN,水曜日のダウンタウン
349,2023-06-07,第2回“まだ誰もやってない”モノマネ王座決定戦,,suiyoubinodowntown,WEDNESDAY DOWNTOWN,水曜日のダウンタウン
350,2023-06-14,ダンカン阪神熱狂・マルトッツォぷよぷよ,,suiyoubinodowntown,WEDNESDAY DOWNTOWN,水曜日のダウンタウン
351,2023-06-21,昭和とんでも話嘘でも信じる説,,suiyoubinodowntown,WEDNESDAY DOWNTOWN,水曜日のダウンタウン
352,2023-06-28,説教中に曲の歌詞自然に盛り込むこと可能説・相方が倒れて予断を許さなくても腹も減り眠くもなる説,,suiyoubinodowntown,WEDNESDAY DOWNTOWN,水曜日のダウンタウン
353,2023-07-05,リアルなコンビ解散ドッキリ,,suiyoubinodowntown,WEDNESDAY DOWNTOWN,水曜日のダウンタウン
354,2023-07-26,扮装状態でスタッフに撒かれたら一巻の終わり説,,suiyoubinodowntown,WEDNESDAY DOWNTOWN,水曜日のダウンタウン
355,2023-08-02,モノに隠れながら尾行チャレンジ！・ホームランバーのバーでホームラン打てる説,,suiyoubinodowntown,WEDNESDAY DOWNTOWN,水曜日のダウンタウン
