Date,Episode,Title,Content
1991/01/03,#SP,,オープニングトーク（ボツになった企画）／ことわざ講座「ペンは剣よりも強し」「二兎を追う者は一兎をも得ず」「心頭滅却すれば火もまた涼し」／浪花のどてら兄弟／ヅラ騎馬戦／お絵かきしましょ　マジでマジで／ギャグ講座（Lesson12 故人にギャグを学ぶ）／ナイス！Cooking／世界記録樹立か？世紀のドミノ倒しに挑戦！／世界一歩くのが遅いジジイ／ダウンタウン杯争奪　カバディ対抗戦／実験クイズ
1991/05/28,#SP,,脱出／オヤッさん／ことわざ講座「残りものには福がある」／戦場の友情／寒むぅ…／タコ！／アパート…／お絵かきしましょ　マジでマジで／コンビニエンスストアー…／オヤジ／実験クイズ／いらっしゃい！／どうだ！？／ことわざ講座「虎穴に入らずんば虎子を得ず」／お父さん／さんま／今晩は／昨日／赤ちゃん／たのむ／南蛮渡来／ことわざ講座「出る杭は打たれる」／ニワトリ／ベッド売場／火曜サスペンス劇場　炎の疑惑／エンディング
1991/07/23,#SP,,脅迫…／ちょっと待って／パパ／ことわざ講座「まな板の上のコイ」／今晩は!!／あ・つ・い！／うちの父…（大先生）／朝／数字を当てましょ　マジでマジで／父さんは／凶器／半蔵と月影…／実験クイズ／ワカメ／This is…（Miss.エロティカ）／朝食／ねこまんま／ご飯にみそ汁／吐け！／脅迫…②／助けてくれ／2001年／香典／白髪／火曜サスペンス劇場　殺意のロープ／Down Town
1991/12/08,#001,,密談/マリアちゃん/静かに～！/Bed/竹やぶ/は～い！/Tarzan/中途採用/すんげえ/初めて…/先生/はじめて/実験クイズ/練習/すいません/趣味/DiーYa!/ここは…/お願い/ご注文は？/はじめまして/あのォご注文は？/第１回ヅラリンピック/こんにちは
1991/12/15,#002,,日帰りの戦士ブーメラン君/ウルトラさん/いいですか/隊長！/占い/カード/お前も/皆さん/実は…/やっぱりマリアちゃん/うちも…/家康殿/いいわよね/ケンシロー/ヤギのお医者さん/メッセージ/鈴木様/すいません/大先生/それで
1991/12/22,#003,,ウィッキーさん（大先生③）/スペシウム光線（ウルトラさん③）/ことわざ講座②（目は口ほどにものを言う）/Jungle/オレは……/敏腕ディレクター（敏腕ディレクター①）/やめとこや/交換条件/お絵かきしましょ　マジでマジで①（ゲスト：仲村トオル、酒井法子）/なに言ってんのョ！/ 朝礼/いいか/どうだった/相部屋（プロペラ社長②）/America/ゴキブリ/男の美学　ハードボイルド入門/正月
1992/01/12,#004,,E.T/ごっつ時代劇スペシャル/M79星雲（ウルトラさん④）/どうしてマリアちゃん（マリアちゃん③）/Kodomo/Kamakiri/ただいま/ ねえ/御注文/クイズ10人いっしょ　なにが？なにが？/みかん/なんで…/日曜日/この子も…/た、隊長！/ボク達/お父さん/ ことわざ講座③（犬も歩けば棒にあたる）/Rouge/敏腕（敏腕ディレクター②）/むかしむかし
1992/01/19,#005,,初舞台/諸君！/せやからマリアちゃん（マリアちゃん④）/SPY（プロペラ社長③）/思春期（ウルトラさん⑤）/Office/ 実験クイズ②（ゲスト：風見しんご、西村知美、和田忠太）/天気予報（敏腕ディレクター③）/いらっしゃいませ！/世紀の対決!!/ 集金（大先生④）/ご存知！ハマダ芸能社物語①（板男夫婦が帰ってきた！の巻）/おしくらまんじゅう/落ちつけ
1992/01/26,#006,,すいませんでした（ウソよねェ～①）/やめろ！/ザンゲ/どんなんもマリアちゃん（マリアちゃん⑤）/あ～ッ!!/どしたの？/ ことわざ講座④（柔よく剛を制す）/ご存知！ハマダ芸能社物語②（オイシイ仕事がやって来たの巻）/本番!!（大先生⑤）/大丈夫/またか!!/ ごっつ入れ歯スペシャルショー
1992/02/02,#007,,ラッキー！/不運にも（ウルトラさん⑥）/なんなんなあに　何太郎君①（首まで土に埋める）/ 数字を当てましょ　マジでマジで②（ゲスト：オスマン・サンコン）/のっぺら兄弟/最低/ケンシロウ　再び（ケンシロー②）/ 仕事とは…/鹿狩り/パラシュート/鼻緒/節分（プロペラ社長④）/ご存知！ハマダ芸能社物語③（新婚夫婦に危機迫る！の巻）/ エンディング（スタッフジャンパープレゼント）
1992/02/09,#008,,条件（悪魔①）/やめろ!!/深層心理/お絵かきしましょ　マジでマジで②（ゲスト：風見しんご、西村知美）/平常心/ うらみます（うらみます①）/なんなんなあに　何太郎君②（エアバッグ）/ご存知！ハマダ芸能社物語④（芸人もストライキを始める！の巻）/ ひとり酒（ウルトラさん⑦）/緊張感（敏腕ディレクター④）/Commentator（大先生⑥）/お客さん（ウソよねェ～②）
1992/02/16,#009,,実験クイズ３/ご存知！ハマダ芸能社物語③ (重要書類盗難！の巻)/なんなんなあに　何太郎君３
1992/02/23,#010,,一本立ち／ダスティ君／なんなんなあに　何太郎君④（卵の強度）／結婚前提戦士　ラブラブファイヤー①／羞恥心（マリアちゃん⑥）／あれ？／ 御注文は？／楽屋／失敗（ウソよねェ～③）／ご存知！ハマダ芸能社物語⑥（今田勉　ドラマを初演出！の巻）／ エンディング（スタッフジャンパー当選者発表）／わ・た・し（大先生⑦）
1992/03/01,#011,,山さん／遭難／続・うらみます（うらみます②）／なんなんなあに　何太郎君⑤（警察犬）／ 結婚前提戦士　ラブラブファイヤー②／Location（敏腕ディレクター⑤）／どうしたの？／ 数字を当てましょ　マジでマジで③（ゲスト：秋野暢子）／ご存知！ハマダ芸能社物語⑦（草野球チーム結成！の巻）／ JAZZ／御無沙汰／エンディング／報知器（ウソよねェ～④）
1992/03/08,#012,,新・うらみます（うらみます③）／人質（ウソよねェ～⑤）／数字を当てましょ　マジでマジで④（ゲスト：福井敏雄）／ 結婚前提戦士　ラブラブファイヤー③／やっぱりうらみます（うらみます④）／こちらこそ／工事中／ なんなんなあに　何太郎君⑥（牛の乳搾り）／またもやうらみます（うらみます⑤）／ ご存知！ハマダ芸能社物語⑧（人生・幸子CMデビュー！の巻）／ エンディング（チクリのコーナー　松本とYOUが手をつないで歩いてた？）／新米
1992/03/15,#013,,第013回放送　1992年03月15日 ガンバレ／対局（ウソよねェ～⑥）／なんなんなあに　何太郎君⑦（通訳）／ ご存知！ハマダ芸能社物語⑨（アイドルスカウト騒動！の巻）／やっこさん／ 何故…／数字を当てましょ　マジでマジで⑤（ゲスト：ダンプ松本）／結婚前提戦士　ラブラブファイヤー④／ 特別講師（ベンジャミン①）（＆祝・今田26才の誕生日）
1992/03/22,#014,,数字を当てましょ　マジでマジで⑥（ゲスト：関根勤）／ご存知！ハマダ芸能社物語⑩（危うし！ハマダ芸能社の巻）／ キタロー／オムライス（うらみます⑥）／もう少し／たまにはヒロくん／密告（ウソよねェ～⑦）／ 結婚前提戦士　ラブラブファイヤー⑤／ エンディング（松雪泰子と伊藤美奈子がドラマ出演の為、涙の卒業）
1992/04/19,#015,,数字を当てましょ　マジでマジで７/結婚前提戦士　ラブラブファイヤー６/説得/票田/民生くんとアベくん/なんなんなあに　何太郎君８/礼儀/怪人/嗚呼！花の番頭さん物語/Please
1992/04/26,#016,,実験クイズ④（ゲスト：長江健次、山瀬まみ、和田忠太）／コロンブス（うらみます⑧）／何かヘン！／ 寝坊／民生くんとアベくん②（金沢高校①）／ 夢／Angelちゃん／民生くんとアベくん（金沢高校②）／ 結婚前提戦士　ラブラブファイヤー⑦オジンガーＺ初登場／合体（ミラクルチェンジ①）／傷心／ キャディー／エンディング（チクリのコーナー　今田大阪でナンパ）／トムとマイク
1992/05/03,#017,,実験クイズ⑤（ゲスト：稲川淳二、高木希世子、和田忠太）／告別式（ベンジャミン②）／アンラッキー！／ こいのぼり／民生くんとアベくん③（京北高校①）／ なんなんなあに　何太郎君⑨（占い）／結婚前提戦士　ラブラブファイヤー⑧／ 秘密／防弾／料理しましょ（うらみます⑨）／ 民生くんとアベくん（京北高校②）／もう一度（ダンスの先生①）
1992/05/10,#018,,数字を当てましょ　マジでマジで⑧（ゲスト：渡辺徹）／結婚前提戦士　ラブラブファイヤー⑨／FBI（ベンジャミン③）／ 一休（一休①）／UFO／お客様／ 募金（うらみます⑩）／民生くんとアベくん④（広島皆実高校）／ 熱血AD宣言！ウエストサイドストーリー①（これが噂のテレビ制作会社なのだ！の巻）／ エンディング（プレゼントコーナー）／マーメイド
1992/05/17,#019,,数字を当てましょ　マジでマジで⑨（ゲスト：森末慎二）／結婚前提戦士　ラブラブファイヤー⑩／ザビエル様／親切／ ルドルフⅢ世（うらみます⑪）／ カメレオン／民生くんとアベくん⑤（広島工業高校①）／なんなんなあに　何太郎君⑩（赤ちゃん）／ 民生くんとアベくん（広島工業高校②）／ 熱血AD宣言！ウエストサイドストーリー②（スペシャル番組は危険がいっぱい！の巻）／ エンディング（うわさのコーナー）／ガタンゴトン
1992/05/24,#020,,数字を当てましょ　マジでマジで⑩（ゲスト：富田靖子）／結婚前提戦士　ラブラブファイヤー⑪／証人（ベンジャミン④）／ デカ部屋／民生くんとアベくん⑥（隼人高校①）／Present（うらみます⑫）／捨てないで（カッパ①）／ 民生くんとアベくん（隼人高校②）／熱血AD宣言！ウエストサイドストーリー③（今田ディレクター反乱！の巻）／ エンディング（チクリのコーナー）／先生！（ダンスの先生②）
1992/05/31,#021,,実験クイズ⑥（ゲスト：オスマン・サンコン、佐野量子、和田忠太）／結婚前提戦士　ラブラブファイヤー⑫／ 本当の親（一休②）／民生くんとアベくん⑦（京華女子高校①）／空缶（カッパ②）／ 民生くんとアベくん（京華女子高校②）／ 熱血AD宣言！ウエストサイドストーリー④（巨匠の原稿がなくなった！の巻）／ エンディング（プレゼント当選者発表のコーナー）／火事
1992/06/07,#022,,なんなんなあに　何太郎君⑪（回転）／結婚前提戦士　ラブラブファイヤー⑬／ここでデカ部屋／お客様／ 民生くんとアベくん⑧（柏日体高校①）／ おはようございます（カッパ③）／民生くんとアベくん（柏日体高校②）／ 熱血AD宣言！ウエストサイドストーリー⑤（会社にママがやってきた！の巻）／ エンディング（チクリのコーナー　ケツを噛む蔵野）／なにやつ（ベンジャミン⑤）
1992/06/14,#023,,数字を当てましょ　マジでマジで⑪（ゲスト：清水ミチコ）／結婚前提戦士　ラブラブファイヤー⑭／ 父と母（一休③）／ごめん（プロペラ社長⑤）／ 桃（ベンジャミン⑥）／民生くんとアベくん⑨（都立農産高校）／空の旅／親子（カッパ④）／ 熱血AD宣言！ウエストサイドストーリー⑥（ボーナスシーズン到来！の巻）／ エンディング（チクリのコーナー　板尾と涼子がホテルから出てきた？）／ バイバイゲーム（ダンスの先生③）
1992/06/21,#024,,結婚前提戦士　ラブラブファイヤー⑮／なぜかデカ部屋／特訓（ダンスの先生④）／もう限界（なぞかけ①）／民生くんとアベくん⑩（松戸秋山高校）／カレー／MAIN EVENT（ベンジャミン⑦）／熱血AD宣言！ウエストサイドストーリー⑦（狙われた社長！の巻）／エンディング（CDプレゼントのコーナー）／いかがです
1992/06/28,#025,,数字を当てましょ　マジでマジで⑫（ゲスト：柳葉敏郎）／結婚前提戦士　ラブラブファイヤー⑯／ 事故（ベンジャミン⑧）／いたずら／ゴースト／ 民生くんとアベくん⑪（早稲田ゼミナール）／よかったねぇ（仮装大将①）／赤ちゃん（なぞかけ②）／ 熱血AD宣言！ウエストサイドストーリー⑧（ADを挫折する！の巻）／ エンディング（チクリのコーナー　涼子「お笑いなんて…」）
1992/07/12,#026,,"数字を当てましょ　マジでマジで⑬（ゲスト：加納典明）／結婚前提戦士　ラブラブファイヤー⑰／定年／ Dynamic（ダンスの先生⑤）／Barbon（ベンジャミン⑨）／墓参り（カッパ⑤）／ 熱血AD宣言！ウエストサイドストーリー⑨（スタッフ分裂の危機！の巻）／ エンディング（チクリのコーナー　松本、YOUのコップに口つける）
"
1992/07/19,#027,,実験クイズ⑦（ゲスト：渡嘉敷勝男、松本明子、和田忠太）／結婚前提戦士　ラブラブファイヤー⑱／ 恩返し（ベンジャミン⑩）／必殺技（ミラクルチェンジ②）／ノッポさん／民生くんとアベくん⑫（山手学院高校）／ 怪獣はらペコラー／メロドラマ（うらみます⑬）／ 熱血AD宣言！ウエストサイドストーリー⑩（過労でAD倒れる！の巻）／エンディング（チクリのコーナー130Rは仲が良い？）
1992/08/02,#028,,数字を当てましょ　マジでマジで⑭（ゲスト：浅田美代子）／結婚前提戦士　ラブラブファイヤー⑲／ さるとカニ／ミラクルチェンジ（ミラクルチェンジ③）／ 父さん（ザリガニ①）／Jump／母上（おかんとマー君①）／ 熱血AD宣言！ウエストサイドストーリー⑪（スポンサー接待はツライ！の巻）／ エンディング（チクリのコーナー　エロビデオ好き今田）
1992/08/16,#029,,数字を当てましょ　マジでマジで⑮（ゲスト：ルー大柴）／結婚前提戦士　ラブラブファイヤー⑳「故郷ベガ星に錦を飾る」／ インディ／ドラちゃん／民生くんとアベくん⑬（麗澤高校）／GOLF／ジャングル（なぞかけ③）／ 熱血AD宣言！ウエストサイドストーリー⑫（大物プロデューサーがやってきた！の巻）／ エンディング（チクリのコーナー　涼子は大阪弁がキライ？）
1992/08/23,#030,,数字を当てましょ　マジでマジで⑯（ゲスト：楠田枝里子）／ 結婚前提戦士　ラブラブファイヤー#21（ついに、巨大いん石爆破される!?）／ インディⅡ／Tarzan／A-Ho!!（ダンスの先生⑥）／民生くんとアベくん⑭(麗澤高校ゴルフ部)／ もしも…／歯みがき（カッパ⑥）／ 熱血AD宣言！ウエストサイドストーリー⑬（新人ディレクター誕生！の巻）／ エンディング(チクリのコーナー　YOUはごっつで手を抜いている？)
1992/08/30,#031,,数字を当てましょ　マジでマジで⑰（ゲスト：ケント・デリカット）／ 結婚前提戦士　ラブラブファイヤー#22「地震で目覚めた、二人の絆」／ スーパーヒーロー（ミラクルチェンジ④）／インディⅢ／民生くんとアベくん⑮（日本工学院）／小宮さん／ 自由の国（ザリガニ②）／ 熱血AD宣言！ウエストサイドストーリー⑭（招かれざる客がやってきた！の巻）／ エンディング（チクリのコーナー　涼子はシャレのわからん女？）
1992/09/06,#032,,なんなんなあに　何太郎君⑫（スプリンクラー）／ 結婚前提戦士　ラブラブファイヤー#23「海の勇者！スイムオジンガー登場」／インディⅣ／Dancing Flower／ 民生くんとアベくん⑯（東京厚生年金看護学校）／マー君（おかんとマー君②）／ 熱血AD宣言！ウエストサイドストーリー⑮（社内スキャンダル発覚！の巻）／ エンディング（チクリのコーナー　弥生の大阪での仕事）
1992/09/13,#033,,数字を当てましょ　マジでマジで⑱（ゲスト：デーモン小暮）／ 結婚前提戦士　ラブラブファイヤー#24「だまし、だまされパリの夜」／インディⅤ／ アイドル（ザリガニ③）／民生くんとアベくん⑰（都立府中東高校）／秋／Lesson7（ダンスの先生⑦）／ 熱血AD宣言！ウエストサイドストーリー⑯（ウエストサイドが大賞をとった！の巻）／ エンディング（ユニコーンCD及びグッズプレゼントのコーナー＆松本誕生日で浜田からプレゼント）
1992/09/20,#034,,数字を当てましょ　マジでマジで⑲（ゲスト：かとうれいこ）／ 結婚前提戦士　ラブラブファイヤー#25／インディⅥ／ Tarzans Step2／ミラクルエース（ミラクルエース①）／民生くんとアベくん⑱（府中東高図書室）／ 怪盗／Tarzans Step3／やめろや!!（おかんとマー君③）／ 熱血AD宣言！ウエストサイドストーリー⑰（王子様がやってきた！の巻）／ エンディング（チクリのコーナー　板尾、女子高生にジーパンねだる）
1992/09/27,#035,,数字を当てましょ　マジでマジで⑳（ゲスト：赤井秀和）／ 結婚前提戦士　ラブラブファイヤー#26「オジンガーＺスペシャル！」／ロボ／ハト／続・ロボ／ 秋（なぞかけ④）／ 熱血AD宣言！ウエストサイドストーリー⑱最終回（社長引退！の巻）～エンディング（人形プレゼント） この回で吉田ヒロ降板
1992/11/01,#036,,OPテーマがフェアチャイルドの「きらいだよ」に変更。　第１回クイズ！何をされたかツアー（前）／風邪（おかんとマー君④）／ 100万パワー（ミラクルチェンジ⑤）／ Lesson8（ダンスの先生⑧）／民生くんとアベくん⑲（渋谷公会堂駐車場）／御協力／再会（ミラクルエース②）／ 結婚前提戦士　ラブラブファイヤー#27「アキラとメグミ、モガ星へ行く」／エンディング（新メンバー山田花子の紹介）
1992/11/08,#037,,第１回ごっつええ感じ杯争奪　明日のオジンガーは君だ!!／第１回クイズ！何をされたかツアー（中）／ Lesson9（ダンスの先生⑨）／赤ちゃん／ 続・トムとマイク／真実の口／インディⅦ／民生くんとアベくん⑳（渋谷公会堂楽屋）／親方／ 「稲妻は死をはこぶ」（サスペンスドラマ）／ エンディング（チクリのコーナー　今田と松本は恋敵？）
1992/11/15,#038,,結婚前提戦士　ラブラブファイヤー#28「絶命！さらばオジンガーＺ」／第１回クイズ！何をされたかツアー（後）／ 熱血刑事伝説　こちら88分署①「ピース刑事の愛」／最期の時（ベンジャミン⑪）／返済期日／ 民生くんとアベくん#21（渋谷公会堂）／ エンディング（花子のワンポイントレッスンスタート）
1992/11/22,#039,,合成しましょ　マジでマジで①（ゲスト：東海林のり子、小柳ルミ子、大澄賢也）／ 結婚前提戦士　ラブラブファイヤー#29「結婚秒読み！対決マンガ道場」／ Lesson10（ダンスの先生⑩）／キリン／民生くんとアベくん#22（コンサート終了後）／もしかして／コージ君（カッパ⑦）／ 熱血刑事伝説　こちら88分署②「刑事失格」／元気を出して／エンディング（花子「編集が粗い」）
1992/11/29,#040,,ブタ一家のくいしん坊ブーブー①／結婚前提戦士　ラブラブファイヤー#30「キナコを救え！ミクロの世界Ⅰ」／ 嫌われ者／家庭訪問（おかんとマー君⑤）／ 民生くんとアベくん#23（トヨタ東京カローラ大泉学園営業所）／今さら／仮面（ミラクルエース③）／ 熱血刑事伝説　こちら88分署③「人質」／ エンディング（谷村新司出演）
1992/12/06,#041,,合成しましょ　マジでマジで②（ゲスト：三波春夫、大江千里）／ 結婚前提戦士　ラブラブファイヤー#31「キナコを救え！ミクロの世界Ⅱ」／ コネコ／どなたか…／民生くんとアベくん#24（株式会社共和①）／もうすぐ／ Last Lesson（ダンスの先生⑪）／ 熱血刑事伝説　こちら88分署④「恐怖の報酬」／自由の女神／ エンディング（チクリ＆ハガキのコーナー　今田と蔵野をコンパで発見）
1992/12/13,#042,,ブタ一家のくいしん坊ブーブー②／結婚前提戦士　ラブラブファイヤー#32「キナコを救え！ミクロの世界Ⅲ」／ うし／今日も（ミラクルエース④）／ 民生くんとアベくん#25（株式会社共和②）／怪盗／店長／ 熱血刑事伝説　こちら88分署⑤「ヘアピン」／エンディング（CDプレゼントのコーナー）
1992/12/20,#043,,年末スペシャルということで生放送　合成しましょ　マジでマジで③（ゲスト：西村知美、ユニコーン）／ 結婚前提戦士　ラブラブファイヤー#33（総集編）／ 熱血刑事伝説　こちら88分署⑥「班長を救え！」／ ショートコント見ましょ　もう一度もう一度（みんなで過去のコントを振り返る）　 PartⅠ（Di-Ya!、お前も、捨てないで）PartⅡ（トムとマイク、Kamakiri、一本立ち）～エンディング
1993/01/17,#044,,合成しましょ　マジでマジで④（ゲスト：大竹まこと、奥山佳恵）／ 結婚前提戦士　ラブラブファイヤー#34「薬草を探せ！キナコ危うし」／あと４つ／ こたつ（おかんとマー君⑥）／民生くんとアベくん#26（スキーイングイン津田沼①）／ものまね　私だけが知っている／ 熱血刑事伝説　こちら88分署⑦「遺留品」／エンディング（ごっつが「タンクマ大賞」に）
1993/01/24,#045,,ハゲタカ／すごうで（松本白雲斎①）／ブタ一家のおいしん坊ブーブー③／ 結婚前提戦士　ラブラブファイヤー#35「薬草見つけた、徳さん邸！」／ 彼女（おかんとマー君⑦）／民生くんとアベくん#27（スキーイングイン津田沼②）／坊ちゃん（カッパ⑧）／見合い／30分／ 熱血刑事伝説　こちら88分署⑧「ラガー刑事登場」／エンディング（チクリのコーナー　今田の独り言「Ｔバックス」）收起
1993/01/31,#046,,いつものように（ミラクルエース⑤）／ブタ一家のくいしん坊ブーブー④（ピューロランド）／ 結婚前提戦士　ラブラブファイヤー#36「薬草inジュリアナ東京」／ セクハラ／今風（くさやダンゴムシ①）／民生くんとアベくん#28（ソニーレコード）／てるてる坊主／ ガンコ一徹／熱血刑事伝説　こちら88分署⑨「昇進試験」／ エンディング（チクリのコーナー　松本が今田の母を泣かす）
1993/02/07,#047,,合成しましょ　マジでマジで⑤（ゲスト：ヒロミ、八代亜紀）／ 結婚前提戦士　ラブラブファイヤー#37「アキラだまされ感涙！」／白雲斎（松本白雲斎②）／ シンデレラ／法廷（ウソよねェ～⑧）／民生くんとアベくん#29（ロッテ新宿工場①）／生命／熱（おかんとマー君⑧）／ 熱血刑事伝説　こちら88分署⑩「密室殺人の謎」／エンディング（花子が芸能界に入ったきっかけ）
1993/02/14,#048,,星空／さむい…／ブタ一家のくいしん坊ブーブー⑤（草津スキー場）／ 結婚前提戦士　ラブラブファイヤー#38「ジミーの家は大騒ぎ！」／ヘップバーン／ お姉ちゃん（おかんとマー君⑨）／民生くんとアベくん#30（ロッテ新宿工場②）／経費節減／ バレンタインデー（くさやダンゴムシ②）／ 熱血刑事伝説　こちら88分署⑪「国際刑事登場」／エンディング（チクリのコーナー　ホンコンの憧れ）
1993/02/21,#049,,達人（松本白雲斎③）／神様／ブタ一家のくいしん坊ブーブー⑥（横浜・山下公園）／結婚前提戦士　ラブラブファイヤー#39「天国と地獄Ⅰ」／定番／そんなヤツ／バイク（おかんとマー君⑩）／民生くんとアベくん#31（INAXエクシーライフ①）／まだまだ（ミラクルエース⑥）／熱血刑事伝説　こちら88分署⑫「大物サギ師現わる」／エンディング（チクリのコーナー　涼子の卒業文集）／神様（花子NGで袋叩き）
1993/02/28,#050,,言葉を当てましょ　マジでマジで①（ゲスト：そのまんま東、蓮舫）／ 結婚前提戦士　ラブラブファイヤー#40「天国と地獄Ⅱ」／弱肉強食／裏切り／ 家族（デブ一家①）／うま／民生くんとアベくん#32（INAXエクシーライフ②）／進化／アルバイト（カッパ⑨）／ 熱血刑事伝説　こちら88分署⑬「誘拐」／ エンディング（チクリのコーナー　板尾怪獣のぬいぐるみ買う）
1993/03/07,#051,,銭湯（おかんとマー君⑪）／記念Ⅰ／兄弟子（くさやダンゴムシ③）／ 結婚前提戦士　ラブラブファイヤー#41「天国と地獄Ⅲ」／お別れ／プリンスM／ 民生くんとアベくん#33（柴門プロダクション①）／弟子（松本白雲斎④）／ 記念Ⅱ（若杉先生今田に詰め寄る）／熱血刑事伝説　こちら88分署⑭「取材」／ エンディング（ポスト88分署）
1993/03/14,#052,,言葉を当てましょ　マジでマジで②（ゲスト：楠田枝里子、小倉久寛）／ 結婚前提戦士　ラブラブファイヤー#42「LOVE思い出の渚」／家族Ⅱ（デブ一家②）／ 白雲斎（松本白雲斎⑤）／民生くんとアベくん#34（柴門プロダクション②）／ハンカチ／ グランプリ（シンガー板尾①「未亡人のブルース」）／ 熱血刑事伝説　こちら88分署⑮「刑事入門」／エンディング（ホンコン休み）
1993/03/21,#053,,チャンプ／帰宅（デブ一家③）／おじさん（ミラクルエース⑦）／ 結婚前提戦士　ラブラブファイヤー#43「祝・結婚大披露宴」最終回／自転車（カッパ⑩）／ 入学／もうすぐ／民生くんとアベくん#35（梅の湯）／上手に／さよなら（ミラクルエース⑧）／ 熱血刑事伝説　こちら88分署⑯「大逆転」／ エンディング（チクリのコーナー　花子プロレスに転向、ごっつを卒業）
1993/04/18,#054,,オープニング（フリートーク：ピカソの話）／ 言葉を当てましょ　マジでマジで③（ゲスト：加藤茶、山瀬まみ）／ 改造人間カスタムひかる①（ヘンペイ）／情けの心（松本白雲斎⑥）／ 若手実力派（シンガー板尾②「君の見た目も短足だ」）／ 民生くんとアベくん（森口博子・パープルタウン）／決闘（おかんとマー君⑫）／ トラゴロウとゆかいな仲間たち①「トラゴロウ危機一髪」／ 万国びっくりショー／エンディング（加藤茶、山瀬まみも出演）
1993/04/25,#055,,改造人間カスタムひかる②（ラーメンファイターズ）／チューリップ／おじさん（デブ一家④）／フィナーレ（シンガー板尾③「草履」）／民生くんとアベくん（森口博子・イエスタデイワンスモア）／マー君と弥生（おかんとマー君⑬）／ボディコンかあちゃんコンテスト①（ゲスト：山咲千里）／トラゴロウとゆかいな仲間たち②「ストライキ決行」／万国びっくりショー／エンディング（スタッフジャンパープレゼント）
1993/05/02,#056,,オープニング（フリートーク：アダルトビデオ）／改造人間カスタムひかる③（おにぎりセブン）／わが家（デブ一家⑤）／我輩／WANTED／民生くんとアベくん（小林克也・買物ブギ）／スポットライト（シンガー板尾④「海開き」）／言葉を当てましょ　マジでマジで④（ゲスト：福井敏雄、田中美奈子）／トラゴロウとゆかいな仲間たち③「ライバル現わる」／万国びっくりショー／エンディング（福井敏雄、田中美奈子も出演）
1993/05/09,#057,,オープニング（松本と浜田の二人羽織）／改造人間カスタムひかる④（カギマン）／アーイアイ／ニューヨーク／スリル／ビアホール／呼び出し（おかんとマー君⑭）／ボディコンかあちゃんコンテスト②（ゲスト：杉本彩）／トラゴロウとゆかいな仲間たち④「コマーシャルを作ろう」／万国びっくりショー／エンディング（浜田誕生日で松本老眼鏡をプレゼント、杉本彩も出演）
1993/05/23,#058,,オープ<ニング（黄金バットのコント）／改造人間カスタムひかる⑤（ウサウサマン）／恐怖の…（デブ一家⑥）／ライフガード／返済（おかんとマー君⑮）／民生くんとアベくん（小林克也・夜のストレンジャー）／僕の先生／初恋（シンガー板尾⑤「え？わらび餅」）／言葉を当てましょ　マジでマジで⑤（ゲスト：マイケル富岡、西村知美）／トラゴロウとゆかいな仲間たち⑤「ヘッドハンティング」／万国びっくりショー／エンディング
1993/05/30,#059,,オープニング（シンガー板尾⑥「私食べごろよ」）／改造人間カスタムひかる⑥（マルコー）／ ミルク（コーちゃん①）／ダイエット（デブ一家⑦）／万引き（おかんとマー君⑯）／ ボディコンかあちゃんコンテスト③（ゲスト：飯島愛）／ トラゴロウとゆかいな仲間たち⑥「美人本部長がやって来た！」／万国びっくりショー／ エンディング（ジャンパー当選者発表）
1993/06/06,#060,,オープニング（探偵物語・二人羽織②）／改造人間カスタムひかる⑦（目くそでポン太郎）／ 自然愛（シンガー板尾⑦「半殺し」）／カニ／青い鳥／民生くんとアベくん（八代亜紀・神田川）／ ふたり／言葉を当てましょ　マジでマジで⑥スペシャル（ゲスト：見栄晴、久本雅美）／ トラゴロウとゆかいな仲間たち⑦「トラゴロウ故郷へ帰る?!」／万国びっくりショー／ エンディング（見栄晴、久本雅美も出演）
1993/06/13,#061,,仕事人／改造人間カスタムひかる⑧（電球マン）／コーちゃん（コーちゃん②）／あめ／ 民生くんとアベくん（八代亜紀・朝日のあたる家）／ 美容室（おかんとマー君⑰）／ボディコンかあちゃんコンテスト④（ゲスト：加納典明、RICACO）／ トラゴロウとゆかいな仲間たち⑧「ボーナスがほしい！」／ 万国びっくりショー／エンディング（加納典明、RICACOも出演）
1993/06/20,#062,,訓練／改造人間カスタムひかる⑨（人間DOG）／プレイバック／仕事人Ⅱ／民生くんとアベくん（福山雅治・春夏秋冬）／ナンパ（おかんとマー君⑱）／鼻リーグ開幕記念　第１回鼻綱引きトーナメント／トラゴロウとゆかいな仲間たち⑨「PTAからの抗議」／音楽びっくりショー／エンディング（ダチョウ倶楽部、電気GROOVEも出演）
1993/06/27,#063,,Repeat（Miss.エロティカ①）／改造人間カスタムひかる⑩（半パイ戦士　チチゲマン）／キュータロー／コーちゃんハイ！（コーちゃん③）／ギリギリ／テルテル坊主／ボディコンかあちゃんコンテスト⑤（ゲスト：岡本夏生、月亭可朝）／トラゴロウとゆかいな仲間たち⑩「新人の飼育係がやってきた」／鼻リーグ告知／エンディング（「頭頭」プレゼント）
1993/07/11,#064,,仕事人Ⅲ／ハブ／音楽びっくりショー／連続テレビ小説　木瓜の花①／秋冬コレクション／ボディコンかあちゃんコンテスト⑥（ゲスト：武田久美子、ラッキィ池田）／コーちゃんハイ!!（コーちゃん④）／民生くんとアベくん（福山雅治・KNOCKIN' ON HEAVEN'S DOOR）／ムシムシ（おかんとマー君⑲）／改造人間カスタムひかる⑪（おこまちゃん）～エンディング
1993/07/25,#065,,仕事人Ⅳ／鼻リーグ　2ndステージ／Best3（シンガー板尾⑧「チョキ」）／なべ／民生くんとアベくん（ribbon・上を向いて歩こう）／のど自慢（おかんとマー君⑳）／取調べ／音楽びっくりショー／連続テレビ小説　木瓜の花②／Miss.エロティカ（Miss.エロティカ②）／改造人間カスタムひかる⑫（おケツ男）～エンディング
1993/08/01,#066,,仕事人Ⅴ／ボディコンかあちゃんコンテスト⑦（ゲスト：志茂田景樹、かとうれいこ）／張込み／コーちゃん！ダァ!!（コーちゃん⑤）／おうたの時間／民生くんとアベくん（ribbon・DAY DREAM BELIEVER）／うたたね（おかんとマー君#21）／書風／音楽びっくりショー／連続テレビ小説　木瓜の花③／とんぼ／改造人間カスタムひかる⑬（ノミマン）～エンディング
1993/08/08,#067,,38年たったら／ボディコンかあちゃんコンテスト⑧（ゲスト：小柳ルミ子、大澄賢也）／DJ／音楽びっくりショー／連続テレビ小説　木瓜の花④／イッツ・グー！（Miss.エロティカ③）／もしかしたら／ぼうや／民生くんとアベくん（翔・スモーキンブギ）／夏を制する者は／改造人間カスタムひかる⑭（ダンディ大阪）～エンディング
1993/08/15,#068,,仕事人Ⅵ／うたたねⅡ（おかんとマー君#22）／トレーナー／プロポーズ／民生くんとアベくん（翔・JOHNNY B.GOODE）／ファンレター（シンガー板尾⑨「不良外人」）／家族／音楽びっくりショー／連続テレビ小説　木瓜の花⑤／リクエスト／改造人間カスタムひかる⑮（ザ・カカシラー）蛭子能収の作品～エンディング
1993/08/22,#069,,Tea Time（Miss.エロティカ④）／鼻リーグ　ワールドカップ／うたたねⅢ（おかんとマー君#23）／ジョン／民生くんとアベくん（西田ひかる・グッドバイマイラブ）／方程式Ⅰ（悪魔②）／連続テレビ小説　木瓜の花⑥／告白（今田逃げるように溜まりへ。浜田「帰れ！」）／改造人間カスタムひかる⑯（ハマイダー）～エンディング
1993/08/29,#070,,踏切／ボディコンかあちゃんコンテスト⑨（ゲスト：小林完吾、細川ふみえ）／連続テレビ小説　木瓜の花⑦／第９位（シンガー板尾⑩「テント」）／方程式Ⅱ（悪魔③）／民生くんとアベくん（西田ひかる・I Wanna Be Loved By You）／仲良し／改造人間カスタムひかる⑰（トランスひか～るＺ）～エンディング
1993/09/05,#071,,逆転（悪魔④）／鼻リーグ／うたたね４（おかんとマー君#24）／ジュリー／民生くんとアベくん（深津絵里・夢見るシャンソン人形）／なっちゃん（なっちゃん①）／Lunch Time（Miss.エロティカ⑤）／上方びっくりニンジャショー／連続テレビ小説　木瓜の花⑧／改造人間カスタムひかる⑱（マハラジャ、ヨガヨガ、ダ）～エンディング
1993/09/12,#072,,エイリアン４（エイリアン①）／敬老スペシャル　おじいちゃん絶叫大会（ゲスト：松崎しげる、森久美子）／走れ！メロス／正義の味方（回転仮面①）／民生くんとアベくん（深津絵里・SING）／うたたねⅤ（おかんとマー君#25）／連続テレビ小説　木瓜の花⑨／ママ（Miss.エロティカ⑥）／改造人間カスタムひかる⑲（TONOSAMAザウルス）内田裕也の作品～エンディング
1993/09/19,#073,,ヤマさん／ボディコンかあちゃんコンテスト⑩（ゲスト：西城秀樹、小松千春）／ごゆっくり（よっ！ご陽気もの①）／ばくだん（回転仮面②）／エイリアン５（エイリアン②）／民生くんとアベくん（JELLY FISH・S.O.S）／なっちゃんの冒険（なっちゃん②）／連続テレビ小説　木瓜の花⑩／改造人間カスタムひかる⑳（キューピーバカボン）～エンディング（松本誕生日、浜田の顔をプリントしたＴシャツを送られる）
1993/09/26,#074,,よっ！ご陽気もの２/ボディコンかあちゃんコンテスト１１（ゲスト：関根勤、高橋かおり）/審判の日/木瓜の花１１/なっちゃんのごめんなさい/うたたねVI/改造人間カスタムひかる２１(ザベッド)
1993/10/17,#075,,生放送　木瓜の花　名珍場面NG集（ゲスト：富士真奈美、宮川一郎太、佐藤蛾次郎）～連続テレビ小説　木瓜の花⑫（最終回）～改造人間カスタムひかる#22（ジュラシックさん）～エンディング
1993/10/31,#076,,お待ちかね（よっ！ご陽気もの③）／ボディコンかあちゃんコンテスト⑫（ゲスト：ribbon）／障害物競走／因縁の対決（ジャッキーとマキ①）／さあ次は（仮装大将②）／妖怪人間①（ファンに声かけられる）／改造人間カスタムひかる#23（ひかるゴールド）最終回SP～エンディング
1993/11/07,#077,,実録！大阪紅夜叉VS関西孔雀姫①／よっ！ご陽気もの④（ものまね）／帰ってきたエイリアン（エイリアン③）／こんにさは!!園長先生①（幼稚園）／緊急企画①　ダウンタウン御用達の理髪店を探せ！／Loving You／おかんとマー君がゆく①（志村けん）／ジャッキーとマキ②／理髪店を探せ！結果発表／ザ・対決①　ジャイアント馬場vsアントニオ猪木（ハゴイタDEガビョ～ン）／「木枯らしに抱かれて」（浜田）
1993/11/14,#078,,冬支度（今田だけ氷の海に飛び込む）／ボディコンかあちゃんコンテスト⑬（ゲスト：岡田眞澄、高木希世子）参加者に五月みどり／おかんとマー君がゆく②（谷村新司）／よっ！ご陽気もの⑤（ダルマ落とし）／今週の仮装大将③／緊急企画②　日本一まずいラーメン屋発見!!／こんにさは!!園長先生②（飲み屋）／ザ・対決②　フジテレビvs日本テレビ（君が言ってアッ僕がイタッ言ってイテテテゲーム）／「ブルージーンズメモリー」（松本）
1993/11/21,#079,,かけめぐるジャッキーとマキ（ジャッキーとマキ③）／Jungle／ザ・対決③　奈良の大仏vs鎌倉の大仏（痛いケンドーゴメ～ンGAME）／ホラホラアフリカン①（ゲスト：太平サブロー、松本伊代）／美女と野獣／緊急企画③　日本一まずいラーメン屋発見!!完結編／実録！大阪紅夜叉VS関西孔雀姫②（鼻フック対決）／「手紙」（浜田）
1993/11/28,#080,,こんにさは!!園長先生③（お見合い）／おかんとマー君がゆく③（加納典明）／板尾係長①「君、どっかでおうたか？」／知っとるつもり?!／会議／森の妖精①／ザ・対決④　チーターvs新幹線（そんなに見ないで運不運GAME）／ボディコンかあちゃんコンテスト⑭（ゲスト：横森良造、奥山佳恵）／実録！大阪紅夜叉VS関西孔雀姫③（ボーリング玉止め対決）／「ヘッドライト」（松本）
1993/12/05,#081,,STYLIST①／ゆかいなムツジロウ王国／落語会／ON AIR（お前が歌うんかい①）／おかんとマー君がゆく④（佐竹雅昭）／ザ・対決⑤　ローリングストーンズvsビートルズ（ぬき足さし足さわり足GAME）／今週の仮装大将④／緊急企画④　大学生の夢を叶えよう　学生寮大はしゃぎ合戦／板尾係長②「それ君が考えたんか？」／かけめぐるジャッキーとマキ（ジャッキーとマキ④）／よっ！ご陽気もの⑥（勉強）／「センチメンタル・カーニバル」（浜田）
1993/12/12,#082,,乳しぼり／ザ・対決⑥　ひみつのアッコちゃんvs魔法使いサリー（お尻滅裂ケッツらGO）／森の妖精②／美人ホステス殺人事件／ホラホラアフリカン②（ゲスト：田代まさし、マルシア）／緊急企画⑤　カッコいい走り友の会／板尾係長③「君それ誰に頼まれたんや」／Heart Break（お前が歌うんかい②）／よっ！ご陽気もの⑦（何が出るかな）／「あんたのバラード」（松本）
1993/12/19,#083,,こんにさは!!園長先生④（クリスマスパーティ）／Christmas Eve（お前が歌うんかい③）／おかんとマー君がゆく⑤（中島常幸）／ザ・対決⑦　白組vs紅組（おもしれ～けどハジを指令～GAME）／緊急企画⑥　第１回ペーパードライバーグランプリ／板尾係長④「お前とお前は帰れ！」／森の妖精③／STYLIST②／「ラスト・ダンスは私に」（浜田）
1993/12/26,#084,,ダウンタウンのものごっつええ感じ　私が選んだまた見たいランキングBEST100
1994/01/16,#085,,かけめぐるジャッキーとマキ（ジャッキーとマキ⑤）／ボディコンかあちゃんコンテスト⑮（ゲスト：ローリー寺西、常磐貴子）後に「ガキの使い」でブレイクする「おばちゃん」が登場、見事優勝／ON AIR／傷心／森の妖精④／よっ！ご陽気もの⑧（けん玉）／彦龍ラーメン第四弾　大将の恋のゆくえ／板尾係長⑤「そら君怒られるぞ！」／ザ・対決⑧　野球vsサッカー（だるまころんで六苦んローラーGAME）／「時代おくれ」（松本）
1994/01/30,#086,,よっ！ご陽気もの⑨（ジェスチャークイズ）／ザ・対決⑨　星一徹vsサリーちゃんのパパ（かくれんボ～ン！GAME）／バビルくんとロデムくん①（形態模写、ものまね）／いつも２人で／兄貴①「ザルを忘れんな！」／板尾係長⑥「おーい、…君、泣いてんのか？」／ボディコンかあちゃんコンテスト⑯（ゲスト：ガッツ石松、鈴木有紀）／STYLIST③／「オー・チン・チン」（浜田）
1994/02/06,#087,,おかんとマー君がゆく⑥（中野浩一）／ザ・対決⑩　にほんvsにっぽん（落ち落ちしてるとすべるんるんGAME）／実録！大阪紅夜叉VS関西孔雀姫④（ラップ破り対決）／LIVE HOUSE（お前が歌うんかい④）／ONE DOLLAR WOMAN／緊急企画⑦　第２回ペーパードライバーグランプリ／「わたしの青い鳥」（松本）
1994/02/13,#088,,よっ！ご陽気もの⑩（影絵）／緊急企画⑧　各界名士俳句詠みの会／板尾係長⑦「やーおめでとう。良かったね」／兄貴②「エレキトリカルパレードてなんじゃい！」／Gevrey.Chambertin'85（お前が歌うんかい⑤）／妖怪人間②（サッカー）／珍名さん　いらっしゃい！①（ゲスト：下條アトム、細川ふみえ、関根勤）／ザ・対決⑪　あったかーいvsつめたーい（重いで～語ってアカサッカーGAME）／「おーい中村敏夫くん」（浜田）
1994/02/20,#089,,兄貴③（兄貴バレンタインチョコ貰う）／おかんとマー君がゆく⑦（ジミー大西）／板尾係長⑧「ちょっと君それなあ、…やっぱええわ」／ザ・対決⑫　マリリン・モンローvsマドンナ（ダ～ンボールでピラミッド～ン！GAME）／バビルくんとロデムくん②（紙切りシリーズ）／ON AIR（お前が消すんかい）／ポチ①（家族と再会）／輝け第１回オールスター人間万華鏡大賞／「釜山港へ帰れ」（松本）
1994/02/27,#090,,日曜サスペンス劇場　撫屋敷殺人事件（お前が歌うんかい⑥）／ザ・対決⑬　長髪vs短髪（みじかくみじたくはやくスローGAME）／バビルくんとロデムくん③（ややこしい動物シリーズ）／奥さまは…／Mary／蔵野孝洋のくいしん坊ぶらり旅／ONE DOLLAR WOMAN②（板尾テーブルの下に隠れる）／緊急企画⑨　激論　どうするどうなるこれからのニッポン／板尾係長⑨「なんで誰もけえへんねや！フン！」／STYLIST④／なるほど！春祭
1994/03/06,#091,,ON AIR（お前が唸るんかい）／珍名さん　いらっしゃい！②（ゲスト：下條アトム、かとうれいこ、関根勤）／実録！大阪紅夜叉VS関西孔雀姫⑤（風船割り対決）／なるほど！春祭　勝利への道②／ザ・対決⑭　ウェディングドレスvs文金高島田（涙ポロポロこぼれてゴールインGAME）／「TRAIN-TRAIN」（松本）
1994/03/13,#092,,CHALLENGER（お前が歌うんかい⑦）／ザ・対決⑮　（ハァ～キャッチリキャッチリキャッチリなキャッチリ娘がとび出した～GAME）／兄貴④／ちゃんと電話してこんか！」／ニ時限目／実録！大阪紅夜叉VS関西孔雀姫⑥（レールで寸止め対決）／緊急企画⑩　第二回各界名士俳句詠みの会／板尾課長①「係長、部長がお呼びだ」／なるほど！春祭　勝利への道③／「狼なんか怖くない」（浜田）
1994/03/20,#093,,バビルくんとロデムくん④（バイクものまねシリーズ）／おかんとマー君がゆく⑧（ウッチャンナンチャン）／ザ・対決⑯　西川きよしvs桂三枝（ハリキッテ張り合ってHURRY UP!GAME）／なるほど！春祭　勝利への道④／緊急企画⑪　青春くん　絶望と挫折を乗り越えろ！／「チャンピオン」（松本）
1994/04/17,#094,,よっ！ご陽気もの⑪（カワラ割り）／ザ・対決⑰　和田勉vsデーブ・スペクター（GAME静かにしな祭レント）／兄貴⑤「どうしたらええんじゃい！／アイツはホンマにアホなんじゃ！」／板尾課長②「元おニャン子クラブ？知らんなぁ」／大入道くん（今田の相方①）／国産米争奪！しろうと演芸大賞①（ゲスト：内海好江、篠原涼子、佐藤義和）／ポチ②（ポチ泥棒に入られる）／「戦争を知らない子供たち」（浜田）
1994/04/24,#095,,よっ！ご陽気もの⑫（吹き矢）／ザ・対決⑱　長嶋監督vs野村監督（ナインでなやんで何なんかな～GAME）／兄貴⑥「失敗の要素あんのかー！／ズラちゃうんかい！」／板尾課長③「右から回るから遅なんねや」／バビルくんとロデムくん⑤（殺人事件シリーズ）／国産米争奪！しろうと演芸大賞②（ゲスト：内海好江、常磐貴子、佐藤義和）／緊急企画⑫　車で椅子とり選手権／「アンジェリーナ」（松本）
1994/05/01,#096,,シンデレラ（浜田激怒、実はドッキリ）／ザ・対決⑲　スーパーマンvsバットマン（発泡ふさがりショックロールGAME）／兄貴⑦「赤ん坊が運転しとんのかー！／山田五十鈴より後やけどなー！／お父ちゃん、マサやがな！」／透明人間／さっちゃん（今田の相方②）／男前!!床運動選手権／妖怪人間③（コンサート）／「２億４千万の瞳」（松本）
1994/05/08,#097,,妖怪人間④（スキューバダイビング）／ザ・対決⑳　金太郎vs桃太郎（新新カルタとり　５７５GOGO！）／兄貴⑧「Jリーグポケベルてなんじゃい！／チンコ痛いんじゃー！／泣き虫マサや」／AHO AHO MAN①（アホアホハンド）／国産米争奪！しろうと演芸大賞③（内海好江、佐藤義和、鈴木蘭々）／緊急企画⑬　見せます笑い屋集団のプロ根性／「ロマンスの神様」（浜田）
1994/05/15,#098,,バビルくんとロデムくん⑥（殉職シリーズ）／ザ・対決#21　宗茂vs宗猛（デカデカ運動会！）／兄貴⑨「黒いゴミ袋の上に半透明のゴミ袋かぶせてどないするつもりなんじゃー！／ベストキッドに出てたダニエルさん」／兜蟹／AHO AHO MAN②（アホアホアイ／アホアホバリヤー）／なぜなぜ？子供相談室　私がホンモノダ～!!（栗本慎一郎、塩田丸男）／十兵衛さん（今田の相方③）
1994/05/22,#099,,妖怪人間⑤（芸達者／モノマネ）／ザ・対決#22　落合vs松井（自分をみつめてさぁド～まぁゾ～）／AHO AHO MAN③（アホアホビーム／アホアホファイヤー）／国産米争奪！しろうと演芸大賞④（内海好江、佐藤義和、西村知美）／緊急企画⑭　おしどり夫婦選手権（ゲスト：小柳・大澄夫妻、林家ペーパー夫妻、押阪夫妻）／電撃パフォーマンスドール／九龍城的虎／「四つのおねがい」（浜田）
1994/05/29,#100,,ふたり／ザ・対決#23　100回記念　明日のジョーvsがんばれ元気(100回記念対決 動体視力はどっちがどうだい！)／AHO AHO MAN④（アホアホジャケッツ／アホアホダイナマイト／アホアホカプセル）／Merry Poppins／おまわりさん①／しろうと演芸大賞　グランドチャンピオン大会／梅ちゃん（今田の相方④）／エンディング（CDプレゼントのコーナー）西端弥生が妊娠、この回から休養
1994/06/05,#101,,兄貴⑩「ロンリーウルフて／片桐機長」／緊急企画⑮　（今田耕司のドッキリCM）／月光猿軍団①（縄さばき）／ザ・対決#24　おかめvsひょっとこ（あいてにアイテム相手ムッGAME）／学ラン反抗期／「勝手にしやがれ」（松本）
1994/06/12,#102,,妖怪人間⑥（イントロクイズ）／ザ・対決#25　お父さんvsお母さん（勝っても負けてもビリビリ運動会！）／近見家の人々／GRAND'PA GRAND'MA ENGEI LIVE①／おまわりさん②／緊急企画⑯　ダウンタウンは世界に通用するのか!?／PRIVATE LIVES（今田耕司）／「ファンキー・モンキー・ベイビー」（松本）
1994/06/19,#103,,緊急企画⑰　浜田雅功　完全試合に挑戦／月光猿軍団②（出前）／AHO AHO MAN⑤（アホアホウォッチ／アホアホマザー／アホアホバズーカ）／GRAND'PA GRAND'MA ENGEI LIVE②／PRIVATE LIVES（YOU）／「花嫁」（浜田）
1994/06/26,#104,,ザ・対決#26　貴ノ花vs武蔵丸（大震度相撲トーナメントつゆ場所）／柔（柔道で蔵野いじめ）／GRAND'PA GRAND'MA ENGEI LIVE③／兄貴⑪「隠してるだけやん／アンタの生活、テレコになるでぇ／あんまりそわそわしないでぇ」／バビルくんとロデムくん⑦（世界の交通事故シリーズ）／2014①（吉本本社）／PRIVATE LIVES（涼子）／「二回目のキス」（YOU）
1994/07/03,#105,,AHO AHO MAN⑥（アホアホ和菓子／アホアホウォーター）／ザ・対決#27　お月さまvsお星さま（汽車がせまるよ　危険だONONON!GAME）／兄貴⑫「借用書／壊れた民宿や／北斗の拳」／寝顔／ストリッパー物語①（楽屋）／緊急企画⑱　笑顔を忘れた少年に真の笑顔を!!／GRAND'PA GRAND'MA ENGEI LIVE④／「燃えろいい女」（松本）
1994/07/17,#106,,妖怪人間⑦（高校野球）／ザ・対決#28　ブリーフvsトランクス（下降・加工でカッコイイGAME）／ストリッパー物語②（路地裏）／野生の王国／蛇の目ちゃん（今田の相方⑤）／緊急企画⑲　目指せ100万円！男のド根性大会（今田耕司、蔵野孝洋、見栄晴、浜根隆、ジミー大西）／2014②（自宅前）／野生の王国Ⅱ／「禁猟区」（浜田）
1994/07/24,#107,,緊急持ち込み企画　藤原喜明俺は強いんだ!!／兄貴⑬「差し押さえ／オッス！オラ悟空」／ザ・対決#29　ブルース・リーvsジャッキー・チェン（初笑い　となりは何をする人ゾーンGAME!）／バビルくんとロデムくん⑧（アルファベット形態模写シリーズ）／日本の匠を訪ねて／AHO AHO MAN⑦（坂本龍一ゲスト出演）／GRAND'PA GRAND'MA ENGEI LIVE⑤／「君に、胸キュン。」（坂本龍一）
1994/08/07,#108,,ストリッパー物語③（喫茶店）／ザ・対決#30　かぶと虫vsクワガタ（甘党言うはキングオブ禁句GAME）／兄貴⑭「ブサイクなんじゃあ！／小切手／なんじゃこりゃあ！」／N.B.A.（YOU浜田にビンタされる）／社長／N.B.A.（蔵野やっぱりブサイク）／緊急企画⑳　第１回芸能界耳くそ王座決定戦／N.B.A.（今田YOUとディープキス）／N.B.A.（ホンコンの乳）／「恋しさとせつなさと心強さと」（涼子）
1994/08/14,#109,,兄貴⑮「振込み／内定もムリ／プロジェクトAの歌」/ザ・対決#31　タヌキvsキツネ（タヌキとキツネのだま試合GAME）/馬鹿野郎！/緊急企画#21 カメラは見た!!　超スロー神秘の世界（ゆーとぴあ、池谷幸雄）/浜ちゃんのゴルフがんばるぞ！①/AHO AHO MAN⑧/2014③+ED/白忍者/拜托了/戦場的友情①-③/众人翻唱韩国歌曲/あつい
1994/08/14,#110,,緊急企画#22　浜田雅功　完全試合に挑戦／オペ／兄貴⑯「お前が一番珍しいんじゃー！／キャッシュ／プロジェクトA熱唱」／ヘルショッカーなにわ①（おいなりはん）／「夢想花」（浜田）
1994/08/28,#111,,妖怪人間⑧/AHO AHO MAN⑨（偽ケンタロー）/浜ちゃんのゴルフがんばるぞ！②/ヘルショッカーなにわ②/2014④/「ダンシング・オールナイト」（松本）
1994/09/04,#112,,東大寺先生／ザ・対決#33　ヤンキーvsチーマー（ゲーセン合セン脱センGAME！）／月光猿軍団③（取材）／緊急企画#23　即席　今田耕司改造計画!!（スカイダイビング）／Punk Lady／兄貴⑰「腹一杯になったら残すんじゃー！／フィナーレ／マタ来タノ？シャチョサーン」／「夢がMORI MORI」（浜田）
1994/09/11,#113,,AHO AHO MAN⑩（アホアホてこの原理／アホアホショベルカー／アホアホ携帯電話／アホアホ現場検証）／ザ・対決#34　電卓vsそろばん（さんさん算数さんす～GAME！）／緊急企画#24　これでもか！笑顔を忘れた少年に真の笑顔を（坂田利夫、荒井注、せんだみつお、西川のりお）／ストリッパー物語④（ドライブ）／浜ちゃんのゴルフがんばるぞ！③／兄貴⑱「現生／でたぁとんち殺しや…」／エンディング（松本誕生日で浜田カレンダーをプ
1994/09/18,#114,,N.B.A.（松本も成功してキス防ぐ）／ザ・対決#35　堺正章&井上順vs西城秀樹&野口五郎（友情・無情に過剰に異常GAME）／バビルくんとロデムくん⑨／浜ちゃんのゴルフがんばるぞ！④／兄貴⑲「ゴルフでも行きまひょか／でたぁクイズ殺しや…」／緊急企画#25　第１回！ミスブーブーユニバース!!／THE TOO MUCH PISS予告編／ヘルショッー なにわ③（あみどはん）／「みちのくひとり旅」（浜田）
1994/10/02,#115,,２時間SPバージョン　対決スペシャル（#36　ダウンタウンvs加トケン）／N.B.A.（ホンコン坊主に）／みつるさん①／兄貴⑳／特別緊急企画　史上初!!１万人騎馬戦（武田軍（蔵野）VS上杉軍（今田））、罰ゲーム逆バンジー／AHO AHO MAN⑪／最終回（お前が歌うんかい⑧）／松っちっちゃんもゴルフがんばれや！／月光猿軍団④（遅刻）／満月／ごっつええ感じ大宴会（漫才、「いい湯だな」
1994/10/23,#116,,東野加入!!　N.B.A.「カメラないとこでシバかれるんです」～東野幸治歓迎の儀／緊急企画#26　めざせ二百万円！男のド根性大会Ⅱ／AHO AHO MAN⑫／ザ・対決#37　ベートーベンvsモーツァルト（芸術の秋！音ガクガクGAME）／浜ちゃんのボウリングがんばるぞ！／みつるさん②／「ふられ気分でRock'n'Roll」（浜田）
1994/10/30,#117,,N.B.A.（×××ブチ込んで～！）／ザ・対決#38　ポール・ニューマンvsトム・クルーズ（コロコロ玉つき運のつきGAME！）／兄貴#21「今度一杯やりまひょか／じ、地獄の様なニ択クイズや…」／遭難／浜ちゃんのゴルフがんばるぞ！⑤／バビルくんとロデムくん⑩（現実を見つめない奴シリーズ）／人間はどこまでブサイクになれるのか!?／「ギザギザハートの子守唄」（松本）
1994/11/13,#118,,ザ・対決#39　金田一耕助vsコロンボ（探して見つけてさあっすが～GAME）／TOP SINGER①／西日本番長地図／緊急企画#27　芸能界ビリヤード王決定戦（近藤真彦）／兄貴#22「トランプマジック殺人事件や…」／きょうふのキョーちゃん①「電気屋さんは大騒ぎの巻」／Good Morning!／「君は薔薇より美しい」（浜田）
1994/11/20,#119,,ザ・対決#40　すずvsおしん（ま逆　逆さま?!そうさ逆さまっさGAME）／浜ちゃんの剣道がんばるぞ!!／ストリッパー物語⑤（別れ）／フィーフィー＆フーフー／2014⑤（レストラン）／緊急企画#28　キャー大変!!火事だ！119番！消防隊出動!!／実業団選手権大会／「1986年のマリリン」（松本）
1994/11/27,#120,,ザ・対決#41　的場浩司vs和田アキ子（寸止め！ギリギリまいGAME）／挑戦者（ビヒョリレーナリ・ボリリレン）／きょうふのキョーちゃん②「あこがれの大スターの巻」／月光猿軍団⑤（逆ギレ）／緊急企画#29　本日開店!!蔵野孝洋のお店／兄貴#23「被害者はだれだ／やんぐOh!Oh!のワンコーナー殺しや…」／「前略、道の上より」（浜田）
1994/12/04,#121,,ザ・対決#42　美川憲一vs千昌夫（近似値むず価値はず価値GAME）／浜ちゃんのゴルフがんばるぞ！⑥（池乃めだかと対決）／AHO AHO MAN⑬（アホアホシューズ／アホアホダイナミック　東野素っ裸に）／兄貴#24（浜田建設休業日）／たそがれ／緊急企画#30　検証!!理科室のガイ骨はこんな顔だった!!／「NAI-NAI 16」（松本、今田、東野）
1994/12/11,#122,,緊急企画#31　新ドッキリカメラ／みつるさん③／WWWW女子プロレスリング（バイソン涼子VSキャリー東野）／パパ！／ザ・対決#43　武田信玄vs上杉謙信（陣とり乗っとり命とりGAME！）／部屋さがし／きょうふのキョーちゃん③「プロレスだよ全員集合!!の巻」／俺があいつのそれだから予告編／「お正月」（浜田）
1994/12/18,#123,,浜ちゃんのゴルフがんばるぞ！⑦／ザ・対決#44　間寛平vs上岡龍太郎（ことば双六す～語苦語苦労さんGAME）／TOP SINGER②／きょうふのキョーちゃん④「大好き！紅白歌合戦の巻」／産卵①（幸治の部屋）／緊急企画#32　芸能界あやとりの輪!!（松本→浜田→金子信雄→安岡力也→野村義男→大島渚→松本）／カリキュラRYOKO／「サムライ」（松本）
1994/12/25,#124,,年末２時間スペシャル　緊急企画#33　松本人志　芸能界ビリヤード王への道（東幹久と対決、惨敗）／緊急企画#34　キャリー東野のアイドル虎の穴①／浜ちゃんのゴルフでちゅ～①（田中美佐子）／Merry X'mas／甲子園（馬鹿田高校校歌）／フランダースの犬／ザ・対決#45　SPECIAL／スター寝起きDEドッキリ（大失敗）／グラハム浜田CDデビュー／産卵②／兄貴#25／'94冬SPECI／ALAHO AHO MAN⑭／ED
1995/01/15,#125,,ごっつええベストテン（板尾、シンガー板尾で８ヶ月ぶりに復帰　シンガー板尾⑪「年下の女の子」）／ザ・対決#46　象さんvs北島三郎（嗚呼～　鼻の十番勝負！）／浜ちゃんのファイト十発！①（100m走）／パパⅡ（トイレ）／緊急企画#35　キャリー東野のアイドル虎の穴②（T-バックス）／夕食でグッ！（キャシィ塚本①）／「カリフォルニア・コネクション」（浜田）
1995/01/22,#126,,緊急企画#36　めざせ100万円！第３回男のド根性大会!!（今田、板尾、ジミー大西、Mr.オクレ、松尾判内、グレート義太夫）／紅龍／世紀末戦隊ゴレンジャイ①（赤三人黄二人）／きょうふのキョーちゃん⑤「ハブ・ア・ナイス・デー！ビッキーさんの巻」／月光猿軍団⑥（セクハラ）／浜ちゃんのファイト十発！②（バドミントン）／兄貴#26「アホのマサ、ピシッ」／「哀愁でいと」（今田、東野、板尾、蔵野）
1995/01/29,#127,,ザ・対決#47　Mr.マリックvsトランプマン（めくった～トランプアワレちゃんGAME）／耕司と涼子の料理ふんばるぞ!!（キャシィ塚本②）／世紀末戦隊ゴレンジャイ②（ゆず）／浜ちゃんのファイト十発！③（アイスホッケー）／親子／「真っ赤なウソ」（浜田）
1995/02/05,#128,,緊急企画#37　キャリー東野のアイドル虎の穴③（岡本夏生withレースクィーンズ）／ラッキーストライカー（老夫婦①）／ザ・対決#48　マイケル・ジャクソンvsプリンス（バツが待っとるシャトル手に取るバツミントンGAME）／産卵③（ラブホテル）／兄貴#27「ナカタノネ」／百万獣の王／「もっと　もっと…」（涼子）
1995/02/12,#129,,ザ・対決#49　ターザンvs横井さん（勇気に一気ジャングルはヤバイバルGAME）／ボウラー仁義①（出所）／緊急企画#38　CYCLING CYCLING DOGANG DOGANG／世紀末戦隊ゴレンジャイ③（タイガーマスク・フジランド）／きょうふのキョーちゃん⑥「朝まで血みどろ生テレビの巻」／お料理ハッとしてブー（キャシィ塚本③）／ボウラー仁義②（浜田プロ）／「安奈」（松本）
1995/02/19,#130,,ザ・対決#50　貴乃花vs曙（おすもうおされぬマジカよ相撲パワーGAME）／旅館／神さん①「なんでもワシに聞きや」／緊急企画#39　ジャイアントスイングゴルフ（大森友伽里、藤波辰爾、志茂田景樹、ジミー大西、久保田篤）／暴力教室／神さん②「カニを食べなさい、カニを！」／浜ちゃんのファイト十発！④（弓道）／神さん③「それは彼が右投左打だからです」／キャプテンジャクソン（老夫婦②）／「浮気なパレット・キャット」（浜田）
1995/02/26,#131,,Wコウジ企画　今田東野はダウンタウンを超えられるか／ザ・対決#51　アホの坂田vsバカボンのパパ（これでいいのだ!!計算悲算御名算ありがとさ～んGAME）／怪獣のおっさん／耕司と涼子のお料理ヘルパー（キャシィ塚本④）／浜ちゃんのファイト十発！⑤（サッカー）／パン／「大阪で生まれた女」（蔵野）
1995/03/05,#132,,第１回　長～い助走路ボウリング大会 in 京浜蒲田商店街（今田、板尾、THE 虎舞竜、田中美奈子）／産卵④（飛行機）／蔵野と浜田　楽屋での会話／ザ・対決#52　名犬ラッシーvs忠犬ハチ公（名犬・危犬ワンダフルGAME）／世紀末戦隊ゴレンジャイ④（ノーパンしゃぶしゃぶ・森ビル）／きょうふのキョーちゃん⑦「笑店は笑いすぎの巻」／横分金蝿①／蔵野と浜田②／浜田警部の事件簿／蔵野と浜田③／「仮面舞踏会」（今田、東野、板尾）
1995/03/12,#133,,ザ・対決#53　アルプスの少女ハイジvsフランダースの犬のネロ（敬老養老ガンバ老おじいちゃんと一緒!!GAME）／兄貴#28（電話待ち）／浜ちゃんのファイト十発！⑥（ボウリング）／男の料理　鮪を喰らう／迷惑①（ゴリラ部屋）／キッチン特ホウ王国（キャシィ塚本⑤）／「カナダからの手紙」（浜田、YOU）
1995/03/19,#134,,ザ・対決#54　長嶋監督vs王監督（冷静沈着紙一重判断だんだん命取りGAME）／産卵⑤（マカオ）／ボウラー仁義③（スナック）／緊急企画#40　第１回巨大おならコンテスト／迷惑②（研究所）／帰ってきた電撃パフォーマンスドール／世紀末戦隊ゴレンジャイ⑤（板尾テナガザル）／横分金蝿②／「今夜は離さない」（蔵野、涼子）
1995/03/26,#135,,春の２時間スペシャル　過去の珠玉コント公開／緊急企画#41　松本人志　芸能界ビリヤード王への道（木村拓哉と対決、辛勝）／浜ちゃんのゴルフでちゅ～②（高木希世子）／ごっつええ卓球大会 in 熱海／「いい湯だな」（メンバー全員）
1995/04/09,#136,,ダウンタウンのものごっつええ感じ２時間スペシャル - 世紀末戦隊ゴレンジャイ⑥／ザ・対決SPECIAL#55／MR.BATE①（紳士服店）／迷惑③（エッチな声）／ダウンタウン海で遊ぶ!!（松本完全にダウン）／怪獣のにいちゃん／横分金蝿③（レンタルビデオ）／キャリー東野のアイドル虎の穴④／耕司と涼子のお料理道場（キャシィ塚本⑥）／ローラーホッケー　無謀なる挑戦／世紀末戦隊ゴレンジャイ⑦（モモレンジャイが爺さん）
1995/04/23,#137,,the TEAM FIGHT①「発砲スチロール旗立て」／MR.BATER②（寿司屋）／PAIMAN①（ゾウ）／浜田がゆく①（相良晴子・シャンプー）／オクラホマミキサー／世紀末戦隊ゴレンジャイ⑧（放課後電磁波クラブ）／横分金蝿④（ラブホテル）
1995/04/30,#138,,今田改造計画　試練の生放送／ザ・対決#56　銭形平次vsねずみ小僧（硬貨で降下!!恋ンに落ちたらおっカネ～GAME）／浪漫ポルノ（老夫婦③）／VIDEO LETTER ～10年後の僕へ～（蔵野）／迷惑④（ヤンキー）／緊急持ち込み企画　ホンコンの俺は本当はもてるんだ!!①（藤井フミヤ）／VIDEO LETTER ～10年後の僕へ～（板尾）／渋谷系裏料理（キャシィ塚本⑦）／VIDEO LETTER ～10年後の私へ～（YOU）
1995/05/07,#139,,SEPPUN DOJO（出川哲朗、東野、黒田アーサー、蔵野、オスマン・サンコン、ヒデロウ）／MR.BATER③（散髪屋）／the TEAM FIGHT②「タルころがし」／世紀末戦隊ゴレンジャイ⑨（赤レンジャイ喰い）／PAIMAN②（カバ）／産卵⑥（ハイキング）
1995/05/14,#140,,ザ・対決#57　中村玉緒vs工藤静香（こぼしちゃ負けよジャンジャラジャンGAME）／男の料理第二弾　鮟鱇を喰らう／VIDEO LETTER ～10年後の私へ～（涼子）／The Camera Man／赤ちゃん／おもしろ番長百選①（大番長）／決勝戦／浜田がゆく②（田植え）／お料理DAISUKI（キャシィ塚本⑧）
1995/05/21,#141,,シンガーソングライター板尾創路①／日曜８時①（スリッパ／みかん汁／生卵／シャンプー）／the TEAM FIGHT③「回転棒落とし」／シンガーソングライター板尾創路②／MR.BATER④（歯医者）／VIDEO LETTER ～10年後の僕へ～（今田）／シンガーソングライター板尾創路③／草野球王　～芸能界最強を目指して～①／世紀末戦隊ゴレンジャイ⑩（ボイン５）
1995/05/28,#142,,ザ・対決#58　林家ペーvsジミー大西（見失なったら暗ラッ記～GAME）／おもしろ番長百選②（縛られ番長）／世紀末戦隊ゴレンジャイ⑪／緊急持ち込み企画　蔵野孝洋の俺は本当はもてるんだ!!②（福山雅治）／草野球王　～芸能界最強を目指して～②（H・Gott's　入団テスト・二次テスト）／PAIMAN③（アシカ）／めざまし料理（キャシィ塚本⑨）
1995/06/04,#143,,緊急会見　キャリー東野キックボクシングに殴り込み！～キャリー東野　アイドル虎の穴⑤（熊谷直子）／くらぴー／the TEAM FIGHT④「巨大玉止め」／産卵⑦（結婚式）／おもしろ番長百選③（お冷番長）／日曜８時②（一斗缶／掃除機／わさび塗りマスク／卵バット割り）／草野球王　～芸能界最強を目指して～③（H・Gott'sの全容が明らかに）／世紀末戦隊ゴレンジャイ⑫（蔵野ガチャピン）
1995/06/11,#144,,野生の王国（浜田ドッキリ　ぬいぐるみの中身、実は坂本龍一だった）／the TEAM FIGHT⑤「ハチャメチャ大運動会」／PAIMAN④（ワニ）／ひがしのぴー／お見舞い（世界１位）／きんきゅう対策本部／PAIMAN⑤（ダチョウ）／浜田がゆく③（新聞配達）／PAIMAN⑥（ライオン）／料理地獄（キャシィ塚本⑩）
1995/06/18,#145,,the TEAM FIGHT⑥「空中靴ゲンカ」／こうま／病院物語／シンガーソングライター板尾創路④「おとうさんは船頭さんです」／草野球王　～芸能界最強を目指して～④（対Crabs戦）／MR.BATER⑤（靴屋）／「コント傑作集」の告知
1995/07/02,#146,,緊急企画#42　笑いから遠ざかっているお年寄りに笑顔を（村上ショージ、長江健次、桜金造、横山たかし、間寛平、ぼんちおさむ）／日曜８時③（パイ／黒ヒゲ危機一髪／風船割り）／サラリーマン・ツアーズ／シンガーソングライター板尾創路⑤「豆腐チャンプル」／the TEAM FIGHT⑦「どつき合い」／こうちゃん／浜田がゆく④（ベビーシッター）／PAIMAN⑦（ラクダ）／お料理さんいらっしゃ～い（キャシィ塚本⑪）
1995/07/09,#147,,the TEAM FIGHT⑧「真剣大白刃取り」／ダウンタウンは眠い!!　～男の手仕事　羊の毛刈りに挑戦!!～／おもしろ番長百選④（生き埋め番長）／記者会見（「愛に賭けろ！」製作発表記者会見）／F1 GRAND PRIX／放課後電磁波クラブ①／浜田がゆく⑤（留守電メッセージの吹き込み）／シンガーソングライター板尾創路⑥／MR.BATER⑥（眼鏡屋）
1995/07/16,#148,,世界お料理発見（キャシィ塚本⑫）／the TEAM FIGHT⑨「生き残り玉よけ」／楽屋／緊急持ち込み企画　蔵野孝洋の俺は本当はもてるんだ!!③（浜田雅功）／いたぴー／リアルポンキッキ①（お花をつくるおじさん）／職員室ツアーズ／みすずちゃん①（お見合い）／シンガーソングライター板尾創路⑦「なきむしさんとんでいけ　かぜひきさんとんでいけ」／MR.BATER⑦（宝石屋）
1995/08/06,#149,,へい！へい！へい！（M Jungle①）／the TEAM FIGHT⑩「大爆破なわとび」／Wコージ企画　今田・東野の友情は本物か（東野編）／放課後電磁波クラブ②／浜田がゆく⑥（つきあってた男と訣別する）／こづれ狼①「じゃん五郎～／んも～／ヴィヴィアンスウ～」／お料理メジャーリーグ（キャシィ塚本⑬）
1995/08/13,#150,,the TEAM FIGHT⑪「鉄棒尻すべり」／緊急持ち込み企画　蔵野孝洋の俺は本当はもてるんだ!!④（松本人志）／みすずちゃん②（中華料理店）／リアルポンキッキ②（アシカのおじさん）／シンガーソングライター板尾創路⑧「つうかやっぱカネとシャネルとケイタイ」／お盆休み特別企画　浜田がゆく⑦～涙の帰郷～／放課後電磁波クラブ③／MR.BATER⑧（花屋）
1995/08/20,#151,,the TEAM FIGHT⑫「回転ポーズ決め」／こづれ狼②「けんいちろう～／じゅんぺい～／だいごろうカレーをたべて」／ブスッ娘倶楽部／試着／板尾部長①「いいえ、違います。」／草野球王　～芸能界最強を目指して～⑤（対U.W.F.戦）／痛快！お料理侍（キャシィ塚本⑭）
1995/08/27,#152,,緊急企画#43　ボケましょう!!①（喫茶店／映画館／銭湯）／こづれ狼③「わんだら～／段田 男～／キダタローの」／MUSIC FESTIVAL（M Jungle②）／放課後電磁波クラブ④／the TEAM FIGHT⑬「ダンボール爆破くずし」／板尾部長②「君は夏にホットコーヒー飲むタイプか？」／大手長コウモリ白ムササビ殺人事件（殺人事件シリーズ①）
1995/09/03,#153,,the TEAM FIGHT⑭「ギロチン・首チョンパ」／草野球王　～芸能界最強を目指して～⑥（対MAPPIES戦①）／みすずちゃん③（フィットネスクラブ）／緊急企画#44　芸能人をつかまえよー!!（森次晃嗣、天童よしみ、塩田丸男）／放課後電磁波クラブ⑤「捨てたらあかん！」／板尾部長③「君は次の次や」／MR.BATER⑨（酒屋）
1995/09/10,#154,,the TEAM FIGHT⑮「喰いだおれシーソー」／ファンタジア①／リアルポンキッキ③（お空を飛ぶおにいさん）／板尾部長④「君は昼休みが長いのであ～る」／緊急企画#45　東野改造計画　芸能人と友達になろう（渡辺美奈代、田中美奈子、内海好江師匠）／草野球王　～芸能界最強を目指して～⑦（対MAPPIES戦②）／料理ョこい！（キャシィ塚本⑮）
1995/09/17,#155,,the TEAM FIGHT⑯「おしおきガマンくらべ」／草野球王　～芸能界最強を目指して～⑧（対ANGEL PIGS戦）／こづれ狼④「ショートゴロー／森口エンジン～／アイスコーヒーの人」／リアルポンキッキ④（飼育係のおにいさん）／浜田がゆく⑧（美山純子のPV制作）／MR.BATER⑩（薬屋）
1995/09/24,#156,,２時間スペシャル　MR.BATER⑪／the TEAM FIGHT SPECIAL⑰／松本人志のビリヤード戦争　松本人志VS木村拓哉（松本完勝）／ちっちゃいおっさん集団殺人事件（殺人事件シリーズ②）／しょうた！①／やすしくん①／龍としのぶ①（旅館編）／浜ちゃんのゴルフでちゅ～③／放課後電磁波クラブ⑥／緊急スペシャル企画　ボケましょう!!Ⅱ／どちら様も笑ってお料理（キャシィ塚本⑯）
1995/10/15,#157,,ものごっつええ感じスペシャル　MR.BATER⑫／兄貴が街にやって来た!!①／キャリー東野のアイドル虎の穴⑥／やすしくん②／こづれ狼⑤／兄貴が街に②／新・草野球王　～新たなる挑戦～⑨（対プロ野球OBクラブ戦）／兄貴が街にやって来た!!③／ファンタジア②／エイ・イノキ物語①／兄貴が街に④／the TTEAM FIGHT SPECIAL⑱／しょうた！②／兄貴が街に⑤／ほっそいヤクザ殺人事件（殺人事件シリーズ③）
1995/10/22,#158,,the TEAM FIGHT⑲「秋の○×大運動会」①／しょうた！③（四十九日）／おはよう！／Wコージ企画　今田・東野の友情は本物かⅡ（今田編）／エイ・イノキ物語②／浜田がゆく⑨（板前デビューを祝う）／放課後電磁波クラブ⑦「電線の近くで凧あげはいかん！」／いかめし駅長殺人事件（殺人事件シリーズ④）
1995/10/29,#159,,MR.BATER⑬（ケーキ屋）／the TEAM FIGHT⑳「秋の○×大運動会」②／やすしくん③（ボウリング場）／ファンタジア③／放課後電磁波クラブ⑧「電気のムダ使いはあかん！」／緊急企画#46　巨大料理に挑戦（巨大巻き寿司）／こづれ狼⑥「セシール／いい朝／なんで出たんや」
1995/11/12,#160,,the TEAM FIGHT#21　「ベルトコンベアバレーボール」／大しゃくれ国際線美人スチュワーデス殺人事件（殺人事件シリーズ⑤）／そっくりーず①／緊急企画#47　巨大料理に挑戦／そっくりーず②／浜ちゃん遊ぼ①（神田利則）／エイ・イノキ物語③／そっくりーず③／MR.BATER⑭（医者）
1995/11/19,#161,,the TEAM FIGHT#22　「ビヨヨ～ン　バレーボール！」／浜ちゃん遊ぼ②（渡辺満里奈①）／龍としのぶ②／浜ちゃん遊ぼ（渡辺満里奈②）／緊急企画#48　巨大料理に挑戦（そうめん）／やすしくん④／浜ちゃん遊ぼ（渡辺満里奈③）／こづれ狼⑦
1995/11/26,#162,,the TEAM FIGHT#23　「スネ止め剣道一直線」／やすしくん⑤／浜ちゃん遊ぼ③／緊急スペシャル企画　ボケましょう!!③（オカマを掘った時）／たらばひいじじい殺人事件（殺人事件シリーズ⑥）／浜ちゃん遊ぼ／MR.BATER⑮（おもちゃ屋）
1995/12/03,#163,,'95the TEAM FIGHT 決定版／龍としのぶ③／獅子の湯／SEPPUN DOJO②（ゲスト：梅垣義明、上島竜兵）／203X／H.Gott's秋季キャンプ／そっくりーずⅡ
1995/12/10,#164,,the TEAM FIGHT#24　「Uターンボウリング」／こづれ狼⑧／浜ちゃん遊ぼ④（関根勤・アイスホッケーゲーム）／緊急企画#49　巨大竹とんぼに挑戦!!①／エイ・イノキ物語④／浜ちゃん遊ぼ（関根勤②・競泳ゲーム）／ひろし＆ようこカラッと無理心中事件（殺人事件シリーズ⑦）／浜ちゃん遊ぼ（関根勤③・突然ザウルス）／MR.BATER⑯（くだもの屋）
1995/12/17,#165,,the TEAM FIGHT#25　「ギッタンバッコンホッケー」／やすしくん⑥／思春期／浜ちゃん遊ぼ⑤（甲斐よしひろ①・ボウリング）／緊急企画#50　巨大竹とんぼに挑戦!!②／女優／浜ちゃん遊ぼ（甲斐よしひろ②・卓球）／放課後電磁波クラブ⑩／浜ちゃん遊ぼ（甲斐よしひろ③・ゲームセンター）／ふたりの事件簿
1995/12/24,#166,,２時間スペシャル　MR.BATER⑰（電器屋）／こづれ狼⑨／浜ちゃん遊んで／松本人志のビリヤード戦争　VS福山雅治／思春期／the TEAM FIGHT SPECIAL#26／おたまじゃくし受験生殺人事件（殺人事件シリーズ⑧）／BOKE BOKE ヒノッくん①／ボケましょう!!④　SPECIAL（取調室／愛人宅）龍としのぶ④／そっくりーずⅢ／やすしくん⑦
1996/01/14,#167,,the TEAM FIGHT#27／思春期／浜ちゃん遊ぼ⑥（梅宮辰夫①）／キャリー東野のアイドル虎の穴⑦　キャリー東野炎のタッグマッチ（ジャガー横田、バイソン木村）／浜ちゃん遊ぼ（梅宮辰夫②）／MR.BATER⑱（スポーツ用品店）
1996/01/21,#168,,the TEAM FIGHT#28／お見舞い／浜ちゃん遊ぼ⑦（出川哲朗①）／蔵野孝洋の飲んだらパワーアップのコーナー／仕事／浜ちゃん遊ぼ（出川哲朗②）／やすしくん⑧／龍としのぶ⑤／浜ちゃん遊ぼ（出川哲朗③）／こづれ狼⑩
1996/01/28,#169,,「オジャパメン」／the TEAM FIGHT#29／浜ちゃん遊ぼ⑧（うじきつよし①）／こづれ狼⑪／浜ちゃん遊ぼ（うじきつよし②）／緊急企画#51　厨房ですよー　喫茶店に挑戦／浜ちゃん遊ぼ（うじきつよし③）／ロケット双子ババア殺人事件（殺人事件シリーズ⑨）
1996/02/04,#170,,MR.BATER⑲（魚屋）／the TEAM FIGHT#30　「パーフェクトフリースロー②」／俳優養成テレビ小説　龍としのぶ⑥（居酒屋）／学校の怖い話①（松本ウンババ）／緊急企画#52　ナンパ頭突き王決定戦!!／BOKE BOKE　ヒノッくん②（ホテルマン）／エンディング（オジャパメン）
1996/02/11,#171,,the TEAM FIGHT#31　「どでかピンポン」／浜ちゃん遊ぼ⑨／学校の怖い話②（東野ウンババ）／人事部長 OVER THE GALAXY①「君えらい近いところに座んねんな」／緊急企画#53　うわぁ～やってもうた！　これでけへんかったらパイ投げられまんねん／こづれ狼⑫「社長～使うてまっせ～／社長～似合いまっか～」／エンディング（オジャパメン）
1996/02/18,#172,,キャリー東野のアイドル虎の穴⑧　炎のタッグマッチ（ダンプ松本、藍田真潮）／巨大学者犬殺人事件（殺人事件シリーズ⑩）／学園崩壊／おやっさん！①／人事部長 OVER THE GALAXY②「俺的にはええ、会社的にはあかん」／the TEAM FIGHT#32　「パーフェクPK」／スキマ男／エンディング（オジャパメン）
1996/02/25,#173,,the TEAM FIGHT#33　「アミ焼きバドミントン」／浜ちゃん遊ぼ⑩（飯島直子①・ゴルフ）／カレーうどん（キューティーレディー）／作文（ホステス）／人事部長 OVER THE GALAXY③「そのカラクリを聞こうやないか」／浜ちゃん遊ぼ（飯島直子②）／緊急企画#54　日本一気の長いラーメン屋のオヤジ発見!!／浜ちゃん遊ぼ（飯島直子③）／MR.BATER⑳（肉屋）／エンディング（オジャパメン）
1996/03/03,#174,,the TEAM FIGHT#34　「パーフェクトボウリング」／おとうさん／人事部長 OVER THE GALAXY④「はきやすいということは脱ぎやすいということやないかい！」／浜ちゃん遊ぼ⑪（森口博子・キックベース）／緊急企画#55　今田はおじいちゃん子か？（今田家におじいちゃん182人が）／BOKE BOKE　ヒノッくん③（医者）／エンディング（オジャパメン）
1996/03/10,#175,,ボケましょう!!⑤（エレベーター／トイレ）／こづれ狼⑬「バーコードハゲのヅラ／戦車＆銃／けっこう仮面」／くさったバナナ／俳優養成テレビ小説　龍としのぶ⑦／人事部長 OVER THE GALAXY⑤／キャリー東野　栄光の軌跡／MR.BATER#21（和菓子屋）／エンディング（オジャパメン）
1996/03/17,#176,,the TEAM FIGHT#35　「トラブル・ゴルフ」／先生！／おやっさん！②（散髪屋）／人事部長 OVER THE GALAXY⑥／緊急企画#56／ジャイアント馬場似馬殺人事件（殺人事件シリーズ⑪）／エンディング（オジャパメン）
1996/03/24,#177,,春の２時間スペシャル　キャリー東野のアイドル虎の穴⑨　インターナショナルタッグマッチ／寝てない刑事／ザ・バイオハンター（EPISODE-2予告）／the TEAM FIGHT#36　「大空中風船割り」／ごっつええ感じ　家族対抗歌合戦／おやっさん！③（大工）／新・草野球王'96⑩（対YOKOTA TIGERS戦）／緊急企画#57　うわぁ～やってもうた！スペシャル（梅宮辰夫）／MR.BATER#22（レンタルビデオ屋）
1996/04/14,#178,,春の２時間スペシャル　あざみ①／松ちゃんのちょっとええ話／the TEAM FIGHT#37 SPECIAL／とみよしさん①／特別緊急企画　ボケましょう!!⑥／OJAPAMEN GOES to TOKYO BAY NK HALL(30th.Mar.1996)／紙芝居のおっさん／ごっつ争奪戦ゴルフ／人事部長 OVER THE GALAXY⑦／犬逃げてるよ！／ずるい男／／MR.BATER#23（パン屋）
1996/04/21,#179,,緊急シミュレーション企画　ザ・選挙①「選挙ポスターをつくろう」／タイトルマッチ／ババさん①（留守電）／こづれ狼⑭（東野が矢沢永吉／大五郎が二人）／the TEAM FIGHT#38　「おとしあいシャカリキリレー」／この指と～まれ①「パッ」／人事部長 OVER THE GALAXY⑧「朝起きてすぐ歯磨いて朝ご飯食べて歯磨けへんかったらそれ一緒やからね」／とみよしさん②（銭湯）
1996/04/28,#180,,the TEAM FIGHT#39　「トランポリンバレー」／緊急シミュレーション企画　ザ・選挙②「選挙カーに乗ろう」「選挙演説をしよう」／マジシャン　二陽斎ジョージ／俳優養成テレビ小説「翔べない揚羽蝶」最終回／Let's sing!「オジャパメン」（カラオケ）／この指と～まれ②（ビーダン）／人事部長 OVER THE GALAXY⑨／あざみ②
1996/05/05,#181,,the TEAM FIGHT#40　「ザ・激突」（ニャン太君初登場）／演歌の近道（最上川ゆう子の初恋の人、戦闘機械獣マクベス）／緊急シミュレーション企画　ザ・選挙③／THE BIG MONEY DREAM AMERICA①／ザ・バイオハンター（EPISODE-3予告）／英語劇「Luke the Detective（探偵ルーク）」／この指と～まれ③（四刑）／Let's sing!「オジャパメン」／とみよしさん③
1996/05/12,#182,,the TEAM FIGHT#41　「たどり着きローラーゲーム」／緊急シミュレーション企画　ザ・選挙④「投票しよう」／人事部長 OVER THE GALAXY⑩／俳優養成テレビ小説「野菊の応援団」最終回／ババさん②（独り言）／カラオケ「オジャパメン」／この指と～まれ④（ジャンケンドン）／芸能ニュース　第452号「蔵野孝洋　帰国第１作クランクイン！」／あざみ③
1996/05/19,#183,,the TEAM FIGHT#42／テレホンショッキング（ゲスト：戦闘機械獣マクベス）／京極家の女達①（山道）／人事部長 OVER THE GALAXY⑪／緊急企画#58　DTと大崎Pのケンカドッキリ（今田大泣き）／英語劇「The Secret Service（大統領警護官）」／餃子の王将で10万円食べられるか?!／THE BIG MONEY DREAM AMERICA②／／カラオケ「オジャパメン」／とみよしさん④
1996/05/26,#184,,the TEAM FIGHT#43　「ひっくり返し」／キャリー東野のアイドル虎の穴⑩　アブノーマルタッグマッチ（志茂田景樹、日出郎、日景忠男）／人事部長 OVER THE GALAXY⑫「巨乳が好きだけど自分がなったら嫌やね」／給食室／この指と～まれ⑤（テンカ）／ボケましょう!!⑦（トイレの扉を開けたら中に人が…）／たとえ警視①（クイズ番組のパネラーに出たときの秋野暢子やないんやから）
1996/06/02,#185,,the TEAM FIGHT#44　「バンクサッカー」／あざみ④／ザ・バイオハンター（EPISODE-4予告）／京極家の女達②（茶屋）／この指と～まれ⑥（ろくむし）／カラオケ（オジャパメン）／緊急企画#59　揚がらずの団旗を揚げよう（東野、轟二郎、丹古母鬼馬二、橋本真也）／ババさん③（ラジオ）／THE BIG MONEY DREAM AMERICA③（チャンスカード／コンポ爆発／おやすみタイム）
1996/06/09,#186,,the TEAM FIGHT#45　「吊り天井・危機一髪」／ビーチクメーナーコンテスト／たとえ警視②（フランソワーズ・モレシャンさんみたいなもんやな）／伸子ちゃん①（公園）／～ダウンタウンPresents～　10万円分食べよう?!②（ミスタードーナツ）／芸能ニュース　第452号「蔵野家のお正月」／伸子ちゃん②（屋上遊園地）／とみよしさん⑤（バイクのマフラー）／伸子ちゃん③（天井を破る）
1996/06/16,#187,,1996FNS即興歌謡祭（甲斐よしひろ、庄野真代、上田正樹、松本人志）／パート／あざみ⑤（音芸プロ　朝の連続テレビ小説「みっちゃんのめしべ」ヒロインオーディション）／この指と～まれ⑦（パーマンゲーム）／人事部長 OVER THE GALAXY⑬「中山美穂の妹ってガメラで賞取ったね」／the TEAM FIGHT#46　「棒しならせわたり」／俳優養成テレビ講座「黄金虫」最終回
1996/06/23,#188,,たとえ警視③（ア・ウン・サン・スーチーさんみたいなもんやな）／1-K Grand-Prix①（出川哲朗VSルー大柴）／ババさん④（テレビ）／カラオケ（オジャパメン）／京極家の女達③（御宿所）／この指と～まれ⑧（ジャンケンブルドッグ）／伸子ちゃん④（シーソー）／the TEAM FIGHT#47　「コントロール壁登り!!」／伸子ちゃん⑤（ボート）／ON THE ROAD（浜田省吾積み込み）
1996/06/30,#189,,ごっつの車窓から Vol.0001／宇の／帰って来た！リアルポンキッキ①（ムック殺す）／～ダウンタウンPresents～　10万円分食べよう?!③（サンデーサン）／あざみ⑥（音芸プロ　青山子供ミュージカル「長靴をはいた少年」少年役オーディション会場）／ザ・バイオハンター（EPISODE-5予告「荒波殺人　みちのくポセイドン」）／the TEAM FIGHT#48　「速球PKセーブ」／遺跡発掘／とみよしさん⑥（野球場）
1996/07/07,#190,,1-K Grand Prix②（舛添要一VS栗本慎一郎）／力士／人事部長 OVER THE GALAXY⑭「なんぼ喉乾いてても理科室の水飲むのは抵抗あるね」／家庭訪問（トイレに近藤真彦）／浜田雅功の勝ち進みゴルフマッチ①（VS田代まさし）／ババさん⑤（ラジオ②）／the TEAM FIGHT#49　「スピード型抜け」／たとえ警視④（後ろから蹴られた畠田理恵やないんやから）
1996/07/21,#191,,「マウヤケソ」／～ダウンタウンPresents～　10万円分食べよう?!④（マクドナルド）／あざみ⑦（音芸プロ　設立20周年記念作品「大地の海」マドンナ役オーディション会場／緊急企画#60　巨大紙切りマッチデス（風間杜夫、菅野美穂、松本）／腸／帰って来た！リアルポンキッキ②（おねえさん殺す）／the TEAM FIGHT#50　「フキフキホース猛レース」／とみよしさん⑦（新築マンションの流し台）／「マウヤケソ」
1996/07/28,#192,,the TEAM FIGHT#51　「どっかんパターゴルフ」／税関（トランクに薬師丸ひろ子）／メミー・カフィー／ザ・バイオハンター（EPISODE-5予告「淡水超人　ドクターイタリア　後編」）／新・草野球王'96⑪（シャ乱Q）／リアルQちゃん①（夕飯できた）／たとえ警視⑤（ヘソ曲げた掃除のおばちゃんやないんやから）／「マウヤケソ」
1996/08/04,#193,,若手一同プレゼンツ　ワクワクジャングルツアー／トカゲのおっさん①（公園）／「マウヤケソ」
1996/08/11,#194,,the TEAM FIGHT#52　「空中ライダーグランプリ」／サニーさん①（家庭教師）／ザ・バイオハンター（EPISODE-6予告）／浜田雅功の勝ち進みゴルフマッチ②（VS薬丸裕英）／人事部長 OVER THE GALAXY⑮／キャリー東野　アイドル虎の穴⑪　ベイシックタッグマッチ（坂木優子、大西かおり、岡みさを、ヘンシェル・ナオミ）／とみよしさん⑧（喫茶店のクーラー）／「マウヤケソ」
1996/08/18,#195,,～ダウンタウンPresents～　10万円分食べよう?!⑤（ぼてじゅう）／あざみ⑧／You understand?（英語が喋れるようになる機械を売りつけるセールスマン）／恐怖のドライブ（松本、板尾、木村で高速をドライブ）／さむらい新之助／the TEAM FIGHT#53　「落下スイカ割り」／たとえ警視⑥（池乃めだかやな／京都パープルサンガやな／「マウヤケソ」
1996/09/01,#196,,～ダウンタウンPresents～　10万円分乗ろう!!／香川さん①（新撰組の撮影現場）／板尾青年①（牛込戎夏祭り　しろうとのど自慢大会）／浜田雅功の勝ち進みゴルフマッチ③（古手川祐子）／俺／リアルQさん②（バイクの調整）／the TEAM FIGHT#54　「ネットバウンドバスケット」／とみよしさん⑨（公園の小便小僧）／「エンディング」
1996/09/08,#197,,新・草野球王'96⑫（対Mackerel戦）／DEAR MYSELF（今田）／サニーさん②（理容室）／リアルQさん③（ケンカの後）／DEAR MYSELF（YOU）／緊急企画#61　板尾創路俳優入門（ミニドラマ制作）／トカゲのおっさん②（まさの家）／「マウヤケソ」
1996/09/15,#198,,Queen of ZUTSUKI CONTEST／あざみ⑨／DEAR MYSELF（蔵野）／この指と～まれ⑨（人工衛星）／DEAR MYSELF（東野）／the TEAM FIGHT#55　「音当てドッカンウォーズ」／DEAR MYSELF（板尾）／THE PILOTS①（機内アナウンス）／「マウヤケソ」
1996/09/22,#199,,the TEAM FIGHT#56　「ブランコ風船割り」／香川さん②（竜馬が行くの撮影現場）／リアルQさん④（スプレーで落書き）／板尾青年②（休業日の理容室）／浜ちゃんの勝ち進みゴルフマッチ④（モト冬樹）／トカゲのおっさん③（まさ盲腸で入院）／「マウヤケソ」
1996/09/29,#200,,ごっつ200回記念スペシャル　ダウンタウンの青春プレイバック／ダウンタウン物語／～ダウンタウンPresents～　10万円分食べよう!! in くいだおれ／珠玉の名作コント／蔵野孝洋の飲んだらパワーアップのコーナー／／板尾創路のオヤジを超えられるか／コスプレ予告寝起き
1996/10/13,#201,,K-1 VARIETY WARS／出産もトレンディ!?　倉持健夫妻　オメデタ報告／辻武司①／ボケましょう⑧ in スペースファンタジー／THE PILOTS②（東野誕生日）／リアルQさん⑤／the TEAM FIGHT#57／サニーさん③（棋士）／リアルQさん⑥／力也ちゃんと遊ぼう／「ぶさいくは体操で直るんです」／トカゲのおっさん④（トカゲの棲み家）／ボケましょうの罰ゲーム（今田が東京23区でダンシング・オールナイト）
1996/10/27,#202,,the TEAM FIGHT#58　「100球野球」／Mercedes-Venz（板尾手長アオレンジャイ）／THE WEEK ENDER①「密着！チーマー24時！－渋谷－」／香川さん③／板尾専務①「昔この辺に住んでてん」／THE WEEK ENDER②「SM女王様VS蔵野　－歌舞伎町－」／お勘定／THE WEEK ENDER③「松本と大物歌手の甘い夜！　－新宿－」／トカゲのおっさん⑤（まさの誕生日パーティ）
1996/11/03,#203,,the TEAM FIGHT#59　「かわり玉ボウリング」／リアルQさん⑦（新聞売り）／辻武司②（ファッションヘルス）／俺について／サニーさん④（医者）／緊急企画#62　ちくビックリショー（桜金造、東野、神田利則、板尾、出川哲朗）／板尾専務②「３つ向こうの駅に住んでんねん」／MUSIC STATIONARY（「ハイテンション・ラブ」REEL）
1996/11/10,#204,,新・草野球王'96⑬（'96最終戦　対パ・リーグOBチーム戦）／THE PILOTS③「こいつの彼女は蓄膿です」／マッシュルーム①／STORKER（松本が浜田に留守電８件）／緊急企画#63　ごっつええ感じPresent's　欧陽菲菲歌謡ショー　「雨の御堂筋」／板尾専務③「輸入の仕事してんねん！」／トカゲのおっさん⑥（トカゲのおっさん逮捕寸前）
1996/11/17,#205,,the TEAM FIGHT#60　「電ノコ生き残り」／誘拐／カウンセリング／サニーさん⑤（不動産屋）／緊急企画#64　芸能界テトリス王への道①（風見しんご、桑名正博、Puffy、矢部美穂、河相我聞、アジャ・コング、鶴久政治、穴井夕子、スチャダラパー・ANI）／トカゲのおっさん⑦（借金取り登場）
1996/11/24,#206,,緊急企画#65　芸能界テトリス王への道②／JAPAN CUP VOLLEYBALL／ごっつ歌謡ショー（「さざんかの宿」大川栄策）／the TEAM FIGHT#61　「大回転ビッグバーン」／トカゲのおっさん　第二部　修行篇①（みつ子楽屋で金盗む）
1996/12/01,#207,,緊急企画#66　街角ラブラブショー（桑野信義、モト冬樹、羽賀研二、出川哲朗、寺門ジモン）／JAPAN／香川さん④（「金色夜叉」の撮影現場）／辻武司③（エレベーター）／the TEAM FIGHT#62　「ミサイル・ゴーゴー」／トカゲのおっさん　第二部　修行篇②（ルビー踊る）
1996/12/08,#208,,the TEAM FIGHT#63　「グルグル絵合わせ」／マニカル頭パワー!!①（マニカルバナナ　東野）／マッシュルーム②／近畿防衛軍／緊急企画#67　新風俗喫茶を探る!!　発見!!ノーパン綱渡り喫茶」／トカゲのおっさん　第二部　修行篇③（みつ子がルビーに真相を）
1996/12/15,#209,,緊急企画#68　俺はホントはスゴイんだ!!（坂田利夫）／マニカル頭パワー!!②（マニカルバナナ　板尾）／辻武司④（釣り堀）／父／the TEAM FIGHT#64　「飛びつきベッタン水車」／トカゲのおっさん　第三部　兆篇①（レストラン）
1996/12/22,#210,,寝起きハイテンション王（東野、デーブ・スペクター、西川のりお）／マッシュルーム③／サニーさん⑥（結婚相談所）／海（ウミガメが部屋の中で産卵）／the TEAM FIGHT#65　「ぐるぐるPK」／トカゲのおっさん　第三部　兆篇②（みつ子求婚）
1996/12/29,#211,,年末２時間スペシャル　芸能界　ぷよぷよ王への道／キャリー東野　アイドル虎の穴⑫　1996ファイナルファイト（三井綾、中沢夏美）／ごっつええ大忘年会（大崎洋キレル!!）／珠玉の名作コント／ごっつええ大忘年会②
1997/01/12,#212,,the TEAM FIGHT#66　「けん垂記念写真」／料金所（老夫婦④）／美をめぐって／Nine Get①（浜田、遠藤久美子、YOU、田代まさし）／トカゲのおっさん　第三部　兆篇③（とかげを譲って）
1997/01/19,#213,,５周年突破記念　ダウンタウンのごっつええ感じ　公式ガイドブック　－上巻－
1997/01/26,#214,,５周年突破記念　ダウンタウンのごっつええ感じ　公式ガイドブック　－中巻
1997/02/02,#215,,５周年突破記念　ダウンタウンのごっつええ感じ　公式ガイドブック　－下巻
1997/02/09,#216,,５周年突破記念　ダウンタウンのごっつええ感じ　公式ガイドブック　－別巻－
1997/02/16,#217,,トカゲのおっさん　第三部　兆篇④（トカゲのおっさんガレージに篭る）／the TEAM FIGHT#67　「落ちたらパックンチョ」／辻武司⑤（犬小屋）／Nine Get②（浜田、風間杜夫、笑福亭笑瓶、遠藤久美子）／旅路／浜田金融
1997/02/23,#218,,the TEAM FIGHT#68　「アップダウン棒グラフ」／美術室のふたり／第２回　寝起きハイテンション王（東野、島田洋七、ルー大柴）／体感シミュレーション　アマゾンGO!GO!（老夫婦⑤）
1997/03/02,#219,,テレビセットの建て込みに挑戦！／フーさん①（就寝中）／男丸①（新人に海の厳しさを教える）／the TEAM FIGHT#69　「けんか大相撲」／トカゲのおっさん　第四部　覚醒篇（お釈迦様のお告げ）／テレビセットの建て込みに挑戦！②（テレビで確認）／浸水家族
1997/03/09,#220,,the TEAM FIGHT#70　「からまんボ～ン」／ちびっこハウス／緊急実験企画　バナナの皮で車はすべるのか!?／剣の道／Nine Get③（浜田、遠藤久美子、志村けん、加藤茶）／豆①（お父さんを連れ去る）
1997/03/16,#221,,the TEAM FIGHT#71　「パニックタワー」／怪傑　あげ玉刑事／Nine Get④（③の続き）／トカゲのおっさん　第五部　放浪篇①（突然の結婚式）
1997/03/23,#222,,緊急企画#69　こんなモン食えるか!!（ゲスト：細川直美）／豆②（お父さんを調教）／蔵野博士の多忙な週末①（ゴミ袋にコーヒー）／今ちゃんの外国人の方いらっしゃい!!／the TEAM FIGHT#72　「呼ばれて飛びでてバッタンキュー」／父②／サリンジャー（インストラクター①）
1997/04/20,#223,,２時間スペシャル　芸能界マリオカート王決定戦／緊急企画#70　赤ちゃんと一日ゆっくり過ごそう!!／フーさん②（銀行）／蔵野博士の多忙な週末②／ロックバンド／The 1st Kissdemy Award／スノウフリージャー（インストラクター②）／ケンカ大相撲スペシャル／男丸②／トカゲのおっさん　第五部　放浪篇②（殺人容疑）／エンディング　この回でYOUと涼子が卒業
1997/04/27,#224,,松本流　瞬間命名記憶術（松本给100个外行人起外号、并要全部记住）
1997/05/04,#225,,夜の大捜査線　Mr.オクレを探せ!!／はーのやつ①（はーのやつ配られる）／Mr.オクレを探せ!!②／はーのやつ②（ビールで試す）／男丸③（新人海に落ちる）／はーのやつ③（ミネラルウォーターで試す）／ダウンタウンの悩み相談室（シャ乱Qのまことに一発ギャグを!!）
1997/05/11,#226,,第１回　紅白若手お笑いリアクション大合戦!!（藤井隆、ハリガネロック、はなわ、後のなすび他）／女王様／紅白若手リアクション大合戦の続き／ごっつええ曲リフレイン①（「昴」谷村新司）
1997/05/18,#227,,点数を決めましょう!!（審査員：釜本邦茂、筒井康隆、中村孝明、木村庄之助、大沢啓二、赤塚不二夫、大竹省二、大森一樹、三遊亭圓歌、ジャイアント馬場　エントリー：にしきのあきら、袴田吉彦、水野晴郎、今田、パンチ佐藤、板尾、ダチョウ倶楽部、大場久美子、藍田真潮、アジャコング、ケント・ギルバート、有田気恵、渡辺典子、ルー大柴、蔵野）／えげつな～①（公園のケンカ）／ごっつええ曲リフレイン②（「HERO」甲斐よしひろ）
1997/05/25,#228,,ためぐちミステリーツアー／アクションスター／登校拒否（登校拒否のまさしがコントを披露した先生にダメ出し）
1997/06/01,#229,,PAINTING QUIZ SHOW　俺ならこう描く!!「ペンギン」／第１回　ごっつええ感じ　レギュラーメンバー　スカウトキャラバン（笑福亭鶴瓶）／刑事あげ玉　第二弾　すっぽん伝説　～食らいついたら放さない～／PAINTING QUIZ SHOWの続き「カブトムシ」「ヘリコプター」
1997/06/08,#230,,PAINTING QUIZ SHOW　俺ならこう描く!!②「カエル」／第２回　ごっつええ感じ　レギュラーメンバー　スカウトキャラバン（ガッツ石松）／ごっつええ曲リフレイン③（「私鉄沿線」野口五郎）／トカゲのおっさん　第六部　奔流篇①（取調室）
1997/06/15,#231,,1997年06月15日 相思相愛　モーレツお見合いアワー／ PAINTING QUIZ SHOW　俺ならこう描く!!③「シャケを捕るクマ」／えげつな～②（殺人現場）／ ダウンタウンのあいだに入りまショウ！（今田をのけ者）
1997/06/22,#232,,緊急企画#71　ごっつプロレス　旗揚げ記念試合 in Tokyo Big Sight　GPW 1st Fight　 ダウンタウンVS橋本真也／ PAINTING QUIZ SHOW　俺ならこう描く!!④「ウルトラマン」／電器屋さん／授業／ごっつプロレスの続き
1997/07/06,#233,,エキセントリック少年ボウイ」／ 山田花子　愛の告白　メッチャ好きやねん!!①（恋心の深さチェック、愛の根性チェック）／ 緊急企画#72　すれ違いにらめっこ／ スカイハングリンジャー（インストラクター③）／香港返還特別企画　ホンコンin香港／ 「エキセントリック少年ボウイ」
1997/07/13,#234,,「エキセントリック少年ボウイ」／出動!!メカライオン①（ライオンと対決）／ 第３回　ごっつええ感じ　レギュラーメンバー　スカウトキャラバン（八代亜紀）／ トカゲのおっさん　第六部　奔流篇②（花巻刑務所）／ 山田花子　愛の告白　メッチャ好きやねん!!②（愛の熱さチェック）／「エキセントリック少年ボウイ」
1997/08/03,#235,,「エキセントリック少年ボウイ」／緊急企画#73　浜辺でラブラブショー② （モト冬樹、出川哲朗、坂本一生、河相我聞、J-WALK・知久光康）／ 山田花子　愛の告白　メッチャ好きやねん!!③（愛の度胸チェック、誠の恋心をチェック）／ 藤岡弘と遊ぼう①（鬼ごっこ）／「エキセントリック少年ボウイ」
1997/08/10,#236,,「エキセントリック少年ボウイ」／ 山田花子　愛の告白　メッチャ好きやねん!!④　最終章　～愛の告白～（つんくに告白）／ 娘さんをください（へこき病）／ 緊急企画#74　ダウンタウンの真夏の珍商売!!（宮路社長、Mr.オクレ、藤原喜明、日景忠男、グレート義太夫）／ 怪激突　スター怪談ショー／ 藤岡弘と遊ぼう②（四刑）／「エキセントリック少年ボウイ」
1997/08/17,#237,,「エキセントリック少年ボウイ」／スターのお気に入り（出川哲朗、河相我聞、野口五郎、今田）／ AFRICA（Mっ気のあるゾウ）／ 緊急夏休み企画　カキ氷をふるまおう／「あぁエキセントリック少年ボウイ」
1997/08/24,#238,,「エキセントリック少年ボウイ」／笑殺　フォトバトル①（モデル：宮路社長）／ 出動!!メカライオン②（バッファロー）／藤岡弘と遊ぼう③（ハンカチ落とし）／ 「あぁエキセントリック少年ボウイ」
1997/08/31,#239,,「エキセントリック少年ボウイ」／CD出すから３番を作ろう!!／ 夏休み子供ファンタジー　ピーターベン（共演：堀川早苗、和田勉）／ 山田花子　愛の告白　続メッチャ好きやねん!!（人間大砲、T.M.R.西川に告白）／ 手作りドッキリショー①（板尾のおかん寝起きドッキリ）／ 「あぁエキセントリック少年ボウイ」
1997/09/14,#240,,緊急会議　エキセントリック少年ボウイ　 ライブやるけどどうすんねん!!（各キャラのテーマを作る、ライブ告知）／ 笑殺　フォトバトル②（モデル：加納典明）／ 藤岡弘と遊ぼう④（ドッヂボール）／松本34回目の誕生日（木村祐一ツイストダンスショー）／ 「あぁエキセントリック少年ボウイ」
1997/09/21,#241,,オープニング（木村祐一ツイストダンスショー）／ 緊急企画#75　エキセントリック少年ボウイオールスターズ　CD発売記念キャンペーン!!／ 結成！吉本ギャグスターズ!!（太田プロテンションズとアメフトで対決）／ スターのお気に入り２／ スターのお気に入り２の続き／ 手作りドッキリショー②（松本の父、兄寝起きドッキリ）／松本ファミリーがスタジオに登場（姉除く）、松本に誕生日プレゼント／ 「あぁエキセントリック少年ボウイ」
1997/10/05,#242,,秋の２時間スペシャル　エキセントリック少年ボウイオールスターズのライブ／ うわぁ～やってもうた！SPECIAL（ゲスト：PUFFY）／ 木村祐一ツイストダンスショー（国会議事堂前）／笑殺　フォトバトル③SP（モデル：水野晴郎）／ 浜田VS志村　世紀のゴルフマッチAGAIN in 宇都宮／笑殺フォトバトルSPの続き（モデル：岸辺四郎）／藤岡弘と遊ぼう⑤（ライダーゲーム）／ 山田花子　愛の告白　続メッチャ好きやねん!!　公開お見合い
1997/10/19,#243,,ごっつええ感じ音楽祭　エキセントリック少年ボウイオールスターズのライブ　 ドキュメンタリー＆過去のごっつの名曲達
1997/10/26,#244,,
1997/11/02,#245,,
2001/10/12,SP,,新世紀戦隊ゴレンジャイ2001(世紀末戦隊ゴレンジャイ13) - 傑作選 下克上やねん