,episode,name_en,name_ja
38,1172,#1172 - Hosei's Urban Rap Battle Challenge,#1172 - 月亭方正がラップバトルに挑戦！
39,1166,#1166 - Matsumoto's Date With Matsuko,#1166 - 松本 マツコとスカイツリーデート
40,1173,#1173 - Famicom Retro Game Battle - #2,#1173 - 第2回 懐かしのレトロゲーム ファミコンを遊び尽くせ〜!!
41,1183,#1183 - Let's Play Nostalgic Arcade Games - Part 1,#1183 - 懐かしのゲーセンゲームを遊びつくせ！
42,1155,#1155 - Hamada's 50th Birthday - Part 2,#1155 - 祝ハッピーバースデー！浜田雅功50歳！マジ感謝状サプライズ〜!!（後編）
43,1160,#1160 - Fujiwara's Baby Heipo Care - Part 2,#1160 - ライセンス藤原 ヘイポー育児生活 1泊2日 完結編（後編）
44,1184,#1184 - Let's Play Nostalgic Arcade Games - Extra Footage,#1184 - 笑ってはいけない地球防衛軍どこよりも早くお見せしちゃいますSP
45,1138,#1138 - Magical Hamada,#1138 - 浜田雅功の快脳！マジかるハマダ
46,1171,#1171 - Negativity Prohibited Heat Tour,#1171 - ポジティブに生きなきゃ意味がない!ネガティブ禁止ツアー!!
47,1161,#1161 - Combi Taiko Nandemo Battle,#1161 - 賞金10万円争奪！コンビ対抗なんでもバトル〜!!（ダウンタウン理不尽シリーズ）
48,1156,#1156 - Famicom Retro Game Battle - #1,#1156 - 懐かしのレトロゲーム ファミコンを遊び尽くせ〜!!
49,1178,#1178 - Shichi Henge - Neptune's Horiuchi Ken,#1178 - ネプチューン・堀内健 七変化〜!!
50,1154,#1154 - Hamada's 50th Birthday - Part 1,#1154 - 祝ハッピーバースデー！浜田雅功50歳！マジ感謝状サプライズ〜!!（前編）
51,1142,#1142 - Shichi Henge - Chidori's Daigo,#1142 - 千鳥大悟 七変化〜!!
52,1150,#1150 - Our Tanaka's Unreasonable Thai Kicks,#1150 - 何も知らない芸能人に理不尽なタイキックを叩き込む!!（破天荒田中3）
53,1162,#1162 - Kiki - #33 Fish Sausage,#1162 - この一口に命をかけろ 賞金10万円争奪！きき魚肉ソーセージ〜!!
54,1174,#1174 - Costume Talk,#1174 - 着ぐるみトーク
55,1182,#1182 - Kiki - #34 Chili Oil,#1182 - この一口に命をかけろ 賞金10万円争奪！きき食べるラー油〜!!
56,SP,2013-12-29 - History of the Batsu Game,2013-12-29 - 大晦日SP直前!!徹底解剖SP!!
57,1159,#1159 - Fujiwara's Baby Heipo Care - Part 1,#1159 - 浜田は許してくれるのか!? ライセンス藤原 誠意のみそぎ決行〜!!（ライセンス藤原 ヘイポー育児生活 1泊2日）（前編）
58,1143,#1143 - Bikkuri Grand Prix,#1143 - ビックリ顔王グランプリ（前編）
59,1527,#1527 - Demae-can CM Challenge,#1527 - 前人未踏!?浜田の出前館CMに挑戦!
60,1526,#1526 - 8 Years Old Contest,#1526 - 童心に帰ろう!8歳なりきりコンテスト
61,1518,#1518 - Let's Play with Tabletop Games from Around the World - #6,#1518 - 世界のテーブルゲームに松本大激怒!?
62,1530,#1530 - Survival Game Without Weapons,#1530 - 今年一番衝撃の問題作!指サバゲー合戦
63,1494,#1494 - Let's Play with Tabletop Games from Around the World - Dokkiri #1,#1494 - 一触即発!?浜田にドッキリ大作戦
64,1489,#1489 - Absolutely Tasty - Tapioca,#1489 - これやってみたかってん! 絶対においしいタピオカ選手権〜!! [第15弾]
65,1502,#1502 - GakiTsuka Jiji-nuki - #1,#1502 - 新企画!ガキ使オリジナル(秘)ジジ抜き(前編)
66,1521,#1521 - Absolutely Tasty - Pressed Senbei,#1521 - こんなプレス煎餅やってみたかってん!
67,1531,#1531 - I Think This Item Will Suit You - Choshu Riki,#1531 - 長州力のこんなん似合うんやろ選手権
68,1532,#1532 - Project Ho-ho-hoi,#1532 - 国民的ギャグ「ほほほい」の栄光と挫折
69,1500,#1500 - Silent Library - #12,#1500 - 放送1500回記念企画　1年ぶりサイレント図書館に武田真治
70,1520,#1520 - Find Rare Lucky Snacks,#1520 - ハマる!?隠れラッキーお菓子を探せ!
71,1491,#1491 - Verify Tanaka's Batsu Reactions,#1491 - やってる?やってない? 田中のリアクション 徹底検証〜!!
72,1536,#1536 - Chicken Rice Drone Music Video,#1536 - お待たせしました!藤原ドローン第4弾
73,1529,#1529 - GakiTsuka Jiji-nuki - #2,#1529 - プチブーム?オリジナルジジ抜き第2弾
74,1534,#1534 - GakiTsuka Jiji-nuki - #3,#1534 - 大好評!ガキオリジナルジジ抜き第3弾
75,1528,#1528 - 100 Quiz - Endo Dokkiri,#1528 - 遠藤ドッキリクイズ!常識力徹底検証!
76,1535,#1535 - Jimmy's Fake Home Visit Show,#1535 - 激ヤバ!?ジミーの全乗っかりお宅訪問
77,1070,#1070 - Food Marathon - Yakiniku Part 2,#1070 - 焼肉トラジ食べ尽くして10万円！山手線25店舗 完全制覇〜!! 完結編
78,1040,#1040 - Yama-1 Grand Prix - #5 Part 2,#1040 - 山崎邦正プレゼンツ 第5回 山-1グランプリ!!（後編）
79,1059,#1059 - Absolutely Tasty - Bibimbap,#1059 - これやってみたかってん! 絶対においしい石焼ビビンバ選手権!! [第12弾]
80,1066,#1066 - Shichi Henge - Morisanchu's Kurosawa,#1066 - 森三中黒沢 七変化〜!!
81,1080,#1080 - Eat Hot Food with Bare Hands Challenge,#1080 - これってエコじゃね？灼熱の素手地獄！箸なき戦い〜!!
82,1041,#1041 - Shichi Henge - Yasei-Bakudan's Kawashima (Kukky),#1041 - 野性爆弾川島七変化〜!!
83,1044,#1044 - Kiki - #28 Apple Juice,#1044 - この一口に命をかけろ 賞金10万円争奪！ききりんごジュース〜!!
84,1060,#1060 - Yamasaki Pranks Himself,#1060 - 山崎邦正 持ち込み企画 山ちゃんドッキリ(秘)報告〜!!
85,1077,#1077 - Hamada's Original Riddles,#1077 - 第1回 浜田雅功のなるほど ザ・なぞなぞワールド!!
86,1074,#1074 - Technician Challenge - Nipple Hammer Throwing,#1074 - ビーチク噛み飛ばし選手権
87,1051,#1051 - Burning Hot Tennis Lesson,#1051 - 目指せ王子様 炎のテニス教室〜!!（遠藤妄想企画 第5弾）
88,1039,#1039 - Yama-1 Grand Prix - #5 Part 1,#1039 - 第22回 今年も頑張ラビット！新春大新年会〜!! ＆ 山崎邦正プレゼンツ 第5回 山-1グランプリ!!
89,1058,#1058 - Murakami Shoji's Class - Feudal Lord,#1058 - 村上ショージの殿様教室 ＆ 思い入れソングドライブ 未公開トーク
90,1043,#1043 - Make Them Laugh Yamasaki,#1043 - 山崎邦正 上質なツッコミを入れる
91,1071,#1071 - Heipo's Camping Trip,#1071 - 世界のヘイポー COWCOW興志家族とキャンプの旅〜!!
92,1069,#1069 - Food Marathon - Yakiniku Part 1,#1069 - 焼肉トラジ食べ尽くして10万円！山手線25店舗 完全制覇〜!!
93,1073,#1073 - Kiki - #29 Potato Chips,#1073 - この一口に命をかけろ 賞金10万円争奪！ききポテトチップス〜!!
94,1076,#1076 - Dead Drunk Bar - Part 2,#1076 - ベロンベロン酒場（後編）
95,1075,#1075 - Dead Drunk Bar - Part 1,#1075 - ベロンベロン酒場（前編）
96,1081,#1081 - Music Memory Drive - #2,#1081 - 第2回 思い入れソングドライブ~〜!!
97,1056,#1056 - What Matsumoto Likes,#1056 - 松っちゃんの好きそうな物を置いてアタックしよう！
98,1050,#1050 - Comedian Quiz Grand Prix - #2,#1050 - 第2回 コンビ対抗！ 芸人クイズグランプリ〜!!
99,1067,#1067 - Heipo's Sleepover,#1067 - &#12951演出生活30周年 世界のヘイポー 芸人さん家にご宿泊〜!!
100,1057,#1057 - Personally Special Song Drive,#1057 - 思い入れソングドライブ〜!!
101,797,#0797 - Absolutely Tasty - Takoyaki,#0797 - これやってみたかってん! 第7弾!! 絶対においしいたこ焼き選手権〜!! [第8弾]
102,831,#0831 - Gaki vs Tensou Showdown - #2 Part 1,#0831 - 第2回 ガキ使チームVS元天然素材チームで対決しまっしょい〜!!（前編）
103,799,#0799 - Shichi Henge - Football Hours Goto,#0799 - フットボールアワー後藤七変化〜!!
104,793,#0793 - Hamada Trial - Part 1,#0793 - 浜田雅功考えられへん裁判（前編）
105,805,#0805 - Health Presentation,#0805 - 一番納得できたのは誰！？ 独学で健康プレゼン発表会〜!!
106,832,#0832 - Gaki vs Tensou Showdown - #2 Part 2,#0832 - 第2回 ガキ使チームVS元天然素材チームで対決しまっしょい〜!!（中編）
107,807,#0807 - Kiki - #19 Milk,#0807 - この一口に命をかけろ 賞金10万円争奪！きき牛乳〜!!
108,795,#0795 - Hamada Trial - Batsu,#0795 - 浜田「オエッ」でかえるのうた合唱の刑
109,801,#0801 - Heipo's Date,#0801 - ヘイポー＆西川史子ときめきデート!!
110,804,#0804 - GA-SUs Miracle Edit (Low Budget Episode),#0804 - 編集by菅賢治
111,820,#0820 - Technician Challenge - Bra Unhooking,#0820 - ビリになったら罰ゲーム ブラホックはずし対決!!
112,794,#0794 - Hamada Trial - Part 2,#0794 - 浜田雅功考えられへん裁判（後編）
113,823,#0823 - Murakami Shoji's Class - Ninja,#0823 - 教室シリーズ第1弾 村上ショージの忍者教室
114,825,#0825 - Tarai Roulette,#0825 - 落ちれば地獄が待っている！ タライアンルーレット対決〜!!
115,802,#0802 - Shouhei Auditions to Become a Regular - #1,#0802 - 笑瓶が新レギュラーに? ガキ使最終オーディション
116,824,#0824 - 500 Quiz - Tanaka Naoki,#0824 - クイズ田中の500のコト
117,822,#0822 - Shichi Henge - Heipo Horror,#0822 - ヘイポー ホラー七変化!!
118,834,#0834 - Absolutely Tasty - Nabe,#0834 - これやってみたかってん! 第8弾!! 絶対においしい鍋選手権〜!! [第9弾]
119,809,#0809 - Yamasaki Produce - #2 Those Days,#0809 - 山崎邦正音楽プロデュース（第2弾）
120,789,#0789 - Gaki vs Tensou Showdown - #01 Part 2,#0789 - 新春初笑い！賞金100万円争奪!? ガキの使いチーム vs 元天然素材チームで対決しまっしょい〜!!（中編）
121,829,#0829 - Rice with Candy and Snacks,#0829 - みんなで力を合わせて!! お菓子でご飯を食べ尽くせ〜!!
122,1373,#1373 - Matsumoto's 54th Birthday - Part 2,#1373 - 松本人志54歳の誕生会!バースデーソングを贈ろう!（後編）
123,1345,#1345 - I Think This Item Will Suit You - Tomochika,#1345 - アイツの事を1番理解しているのは俺だ! どうせお前こんなん似合うんやろ選手権! 松嶋尚美編〜!!
124,1371,#1371 - Silent Library - #08,#1371 - サイレント図書館
125,1355,#1355 - Tanaka Divorce Expert,#1355 - IKKOの抱かれたいカレンダー!!（前編）
126,1369,#1369 - Tanaka's New Marriage Partner Competition,#1369 - シングルファザー田中の再婚相手コンペ!
127,1343,#1343 - Rendezvous Game - #4 Part 2,#1343 - 第4回 スマホ無しで待ち合わせ!（後編）
128,1377,#1377 - Ask the Best 5 in a Strange Town - #2 Part 2,#1377 - 地元の人に聞くおすすめベスト5（後編）
129,1362,#1362 - No-Reaction Challenge - Part 2,#1362 - 何事にも動じない男は誰だ!?ノーリアクション王決定戦（後編）
130,1361,#1361 - No-Reaction Challenge - Part 1,#1361 - 何事にも動じない男は誰だ!?ノーリアクション王決定戦（前編）
131,1354,#1354 - Ryuji 100% Grand Prix,#1354 - 二匹目リュウジの100％グランプリ
132,1359,#1359 - Shichi Henge - Watanabe Naomi,#1359 - 渡辺直美 七変化〜!!
133,1367,#1367 - Stroll to Meet Celebrities - #8,#1367 - 徹底検証！有名人に会うまでぶらりし続けましょう!! 二子玉川編
134,1353,#1353 - Sudden Outburst of Laughter Tour,#1353 - いきなり大爆笑ツアー!!
135,1360,#1360 - Yamasaki Produce - #6,#1360 - 月亭方正プロデュース!国民的ヒットソングを作ろう!
136,1372,#1372 - Matsumoto's 54th Birthday - Part 1,#1372 - 松本人志54歳の誕生会!バースデーソングを贈ろう!（前編）
137,1342,#1342 - Rendezvous Game - #4 Part 1,#1342 - 第4回 スマホ無しで待ち合わせ!（前編）
138,1340,#1340 - Karuta Competition - Mori Masako,#1340 - 森昌子完全プロデュース！元気モリモリ取り合おう！カルタ争奪戦〜!!（前編）
139,1352,#1352 - Silent Library - #07,#1352 - サイレント図書館!
140,1384,#1384 - Refrigerator Ingredients Battle,#1384 - 冷蔵庫の食材でうまいもん作ったるわバトル〜!!
141,1370,#1370 - Appreciation Meeting for Endo's Movie 'The Bus Hijacker Returns',#1370 - 遠藤主演映画・帰ってきたバスジャック鑑賞会!
142,1376,#1376 - Ask the Best 5 in a Strange Town - #2 Part 1,#1376 - 地元の人に聞くおすすめベスト5（前編）
143,1350,#1350 - Shichi Henge - Akiyama Ryuuji,#1350 - ロバート秋山 七変化〜!!
144,1346,#1346 - Stroll to Meet Celebrities - #7,#1346 - 徹底検証! 有名人に会うまでぶらりし続けましょう!! 麻布十番編
145,1383,#1383 - I Think This Item Will Suit You - Fuku Suzuki,#1383 - こんなん似合うんやろ選手権!
146,1204,#1204 - Hamada Trial - Aged Part 1,#1204 - 浜田雅功 老い！老い！裁判（前編）
147,1188,#1188 - I Think You'll Like this Item - #1,#1188 - みんなの事を1番理解しているのは俺だ！どうせお前こんなん好きなんやろ!?選手権〜!!
148,1233,#1233 - Costume Talk,#1233 - 着ぐるみトーク
149,1228,#1228 - I Think You'll Like This Item - Mikihisa Azuma,#1228 - どうせお前こんなん好きなんやろ選手権!（東幹久編）
150,1206,#1206 - Kiki - #35 Non-alcoholic Beer,#1206 - この一口に命をかけろ 賞金10万円争奪！ききノンアルコールビール〜!!
151,1194,#1194 - Liars' Inn - Part 1,#1194 - 全乗っかり 即興! ウソつき旅館（前編）
152,1213,#1213 - Liars' Inn - #2,#1213 - 全乗っかり!即興ウソつき旅館
153,1218,#1218 - Hot Blooded Hamada's Cram School - #2 Part 1,#1218 - 熱血 浜田塾!!（前編）
154,1214,#1214 - Foodie Report Competition - Part 1,#1214 - ヨダレ出させます！ナイスなグルメレポーターはオレだ選手権〜!!（前編）
155,1195,#1195 - Liars' Inn - Part 2,#1195 - 全乗っかり 即興! ウソつき旅館 完結編（後編）
156,1231,#1231 - Memory Music Drive - #3 Part 2,#1231 - 第3回 思い入れソングドライブ（後編）
157,1227,#1227 - Stroll to Meet Celebrities - #2,#1227 - 徹底検証! 有名人に会うまでぶらりし続けましょう! 中目黒編!
158,1201,#1201 - Hot Blooded Hamada's Cram School - #1,#1201 - 熱血 浜田塾!!
159,1232,#1232 - Shichi Henge - Gekidan Hitori,#1232 - 劇団ひとり 七変化〜!!
160,1221,#1221 - Costume Talk - Members First Contact With Pepper The Robot,#1221 - 着ぐるみトーク
161,1215,#1215 - Foodie Report Competition - Part 2,#1215 - ヨダレ出させます！ナイスなグルメレポーターはオレだ選手権〜!! 完結編（後編）
162,1193,#1193 - Negativity Prohibited Cold Tour,#1193 - ポジティブに生きなきゃ意味がない! 真冬のネガティブ禁止ツアー!!
163,1202,#1202 - Shichi Henge - TKO's Kinoshita,#1202 - 初の自ら立候補！TKO 木下 七変化〜!!
164,1203,#1203 - I Think You'll Like this Item - #2,#1203 - こいつの事を一番理解しているのは俺だ！どうせお前こんなん好きなんやろ!?選手権〜!!（木村祐一編）
165,1222,#1222 - Real Rage Tour - #1,#1222 - イタズラは許さない! 本気(マジ)ギレツアー!!
166,1219,#1219 - Hot Blooded Hamada's Cram School - #2 Part 2,#1219 - 熱血 浜田塾!!（後編）
167,1217,#1217 - Stroll to Meet Celebrities - #1,#1217 - 徹底検証! 有名人に会うまでぶらりし続けましょう!! 代官山編
168,1197,#1197 - Long Interview - Tsukitei Hosei Part 2,#1197 - 月亭方正 生誕46周年記念 前代未聞！24時間ロングインタビュー!!（後編）
169,1205,#1205 - Hamada Trial - Aged Part 2,#1205 - 浜田雅功 老い！老い！裁判 完結編（後編）
170,1190,#1190 - Costume Talk - Simple Dish,#1190 - 着ぐるみトーク→超簡単 こだわり料理披露!!
171,1230,#1230 - Memory Music Drive - #3 Part 1,#1230 - 第3回 思い入れソングドライブ（前編）
172,1210,#1210 - I Think You'll Like this Item - #3,#1210 - アイツの事を一番理解しているのは俺だ！どうせお前こんなん好きなんやろ!?選手権〜!!（友近編）
173,1212,#1212 - Weeping Performance Competition,#1212 - 泣くまで待とうホトトギス選手権!
174,1196,#1196 - Long Interview - Tsukitei Hosei Part 1,#1196 - 月亭方正 生誕46周年記念 前代未聞！24時間ロングインタビュー!!（前編）
175,1224,#1224 - Kiki - #36 Cheese,#1224 - この一口に命をかけろ 賞金10万円争奪！ききチーズ〜!!
176,1216,#1216 - Nonstop Moving Challenge,#1216 - 止まったらダメ！止まらない部〜!!
177,389,#0389 - Yamasaki + Cocorico Skydiving Batsu,#0389 - 山崎邦正謝罪企画 スカイダイビング丸坊主
178,379,#0379 - Genkai - Mild Seven,#0379 - 限界シリーズ 第3弾マイルドセブンはどこまでマイルドセブンなのか？マイルドセブンの限界に迫る！！
179,384,#0384 - Tanaka Beautification Project,#0384 - ココリコ田中救済企画！ボクだってキレイになりた〜い！！      Happy Birthday9月8日松ちゃん34歳の誕生日
180,353,#0353 - Matsumoto vs Hamada 100 - #3,#0353 - 第3回　松本vs浜田100本勝負！！
181,387,#0387 - Shichi Henge - Tanaka Naoki,#0387 - 七変化シリーズ 第9弾 ココリコ田中七変化！！
182,388,#0388 - You Shouldn't Say That Word,#0388 - ダウンタウン爆発企画それを言っちゃ〜おしめぇ〜よ〜！！
183,374,#0374 - Oogiri Daigassen - #8,#0374 - 第8回　大喜利大合戦
184,36,#0036 - Three Minute Cooking,#0036 - チキチキ３分クッキング!!
185,763,#0763 - Electric Shock Russian Roulette,#0763 - ビリビリコンセント・ロシアンルーレット対決〜!!
186,760,#0760 - Absolutely Tasty - Mochi,#0760 - これやってみたかってん! 第5弾 絶対においしいおもち選手権〜!! [第6弾]
187,784,#0784 - Absolutely Tasty - Tempura,#0784 - これやってみたかってん! 第6弾!! 絶対においしい天ぷら選手権〜!! [第7弾]
188,765,#0765 - Itao Quiz Show,#0765 - 板尾と嫁のクイズイッツジーイッツジー
189,750,#0750 - Getting Closer to Dynamite Shikokus True Character,#0750 - 人気爆発!!ダイナマイト四国の素顔に迫る!!
190,752,#0752 - Kiki - #17 Mayonnaise,#0752 - この一口に命をかけろ 賞金10万円争奪！ききマヨネーズ〜!!(17)
191,757,#0757 - Hamada No Trick Magic Show,#0757 - 浜田のタネなしマジックショー
192,753,#0753 - Shichi Henge - Komoto Junichi,#0753 - もう若手とは言わせない！芸歴11年 次長課長・河本七変化〜!!
193,777,#0777 - Kiki - #18 Yakiniku no Tare,#0777 - 賞金10万円争奪!きき焼肉のたれ〜!!
194,779,#0779 - Heipo Becomes a Woman,#0779 - ヘイポーが女になりたい
195,754,#0754 - Suga Games Seibu Keisatsu,#0754 - ゲームで西部警察
196,766,#0766 - Sports Challenge - Swimming,#0766 - 松本人志競泳25mを10秒で泳ぐ
197,743,#0743 - Gas Nuki - Sushi He,#0743 - すし屋でオナラ連発食事会2
198,745,#0745 - Volleyball Coach Hamada,#0745 - 熱血指導！浜田がママさんバレーの監督に!?
199,772,#0772 - Hamada's Heavy Metal Band,#0772 - 浜田”創聖鬼”ゲリラライブ決行!
200,773,#0773 - Oogiri Taiketsu - #02 Part 1,#0773 - 第2回 浜田チームVS松本チームで対決しまっしょい〜!!（前編）
201,309,#0309 - Parking Stop Inquiry,#0309 - 社会を斬る（２）車止めの考察
202,307,#0307 - Yamasaki vs Animals,#0307 - ヘタレ山崎　決死のバトル大作戦!!
203,334,#0334 - Yamasaki's Ass Magic,#0334 - 山崎邦正の超ケツマジック!!
204,350,#0350 - Yamasaki vs Moriman - #2 Yamasaki Hoseis Ass Revenge Ass 1 Grand Prix!! Part 1,#0350 - 第２回　山崎邦正ケツリベンジ　KETSU-1グランプリ!!
205,321,#0321 - Matsumoto vs Hamada 100 - #2,#0321 - 第２回　松本ＶＳ浜田１００本勝負!!
206,331,#0331 - Genkai - Ice Coffee,#0331 - アイスコーヒーはどこまでアイスコーヒーなのか!?　アイスコーヒーの限界に迫る!!
207,325,#0325 - Shichi Henge - Producer Nakamura,#0325 - 中村プロデューサー七変化!! (七変化第4回)
208,337,#0337 - Genkai - Hiyashi Chuuka,#0337 - 第２回　冷し中華はどこまで冷し中華なのか!!　冷やし中華の限界に迫る!!
209,343,#0343 - Yamasaki vs Moriman - #1 Yamasaki Hoseis Ass Open Sparring,#0343 - 山崎邦正ケツ公開スパーリング!!
210,SP,2019-12-31 - No-Laughing - Youth High School,2019-12-31 - 絶対に笑ってはいけない青春ハイスクール24時
211,SP,2015-12-31 - No-Laughing - Detectives,2015-12-31 - 絶対に笑ってはいけない名探偵24時
212,SP,2016-12-31 - No-Laughing - Science Lab,2016-12-31 - 笑ってはいけない科学博士
213,SP,2008-12-31 - No-Laughing - Newspaper Agency,2008-12-31 - 大晦日年越しSP 山崎VSモリマン炎のファイナルリベンジマッチ・絶対に笑ってはいけない新聞社24時
214,SP,2010-12-31 - No-Laughing - Spy School,2010-12-31 - 大晦日年越しSP　絶対に笑ってはいけないスパイ24時
215,SP,2012-12-31 - No-Laughing - Enthusiastic Teachers,2012-12-31 - 笑ってはいけないシリーズ放送10周年記念企画 大晦日年越しSP 絶対に笑ってはいけない熱血教師24時
216,SP,2005-10-04 - No-Laughing - High School,2005-10-04 - 罰ゲームSP松本･山崎･ココリコ 絶対に笑ってはいけない高校（ハイスクール）
217,SP,2020-12-31 - No-Laughing - Go to Las Vegas,2020-12-31 - 笑ってはいけない大貧民gotoラスベガス
218,SP,2009-12-31 - No-Laughing - Hotel Employee,2009-12-31 - 大晦日年越SP 絶対に笑ってはいけないホテルマン24時
219,SP,2007-12-31 - No-Laughing - Hospital,2007-12-31 - 大晦日年越しSP 絶対に笑ってはいけない病院24時
220,SP,2003-07-27 - No-Laughing - Hot Spring Inn,
221,SP,2006-12-31 - No-Laughing - Police Station,2006-12-31 - 大晦日年越しSP浜田･山崎･遠藤罰ゲーム絶対に笑ってはいけない警察24時!!
222,SP,2013-12-31 - No-Laughing - Earth Defense Force,2013-12-31 - 大晦日年越しスペシャル 絶対に笑ってはいけない地球防衛軍24時
223,SP,2018-12-31 - No-Laughing - Treasure Hunters,2018-12-31 - 絶対に笑ってはいけないトレジャーハンター24時
224,SP,2014-12-31 - No-Laughing - Prison,2014-12-31 - 大晦日年越しスペシャル 絶対に笑ってはいけない大脱獄24時
225,SP,2017-12-31 - No-Laughing - American Police,2017-12-31 - 笑ってはいけないアメリカンポリス
226,SP,2004-12-28 - No-Laughing - Yugawara,2004-12-28 - 罰ゲームSP 浜田･山崎･田中 絶対に笑ってはいけない温泉宿1泊2日の旅IN湯河原
227,SP,2011-12-31 - No-Laughing - Airport,2011-12-31 - 大晦日年越しSP 絶対に笑ってはいけない空港24時
228,1382,#1382 - No-Laughing American Police Retrospective,#1382 - ガキ使メンバーの5Sトーク!
229,SP,2004-10-27 - 2003 Onsen Feedback,
230,987,#0987 - No-Laughing Hotel Employee Extra Footage,#0987 - 笑ってはいけないホテルマン24時秘蔵VTR集!!
231,SP,2015-01-03 - No-Laughing Prison Extra Footage,2015-01-03 - 笑ってはいけない大脱獄 未公開シーン一挙大公開!!
232,776,#0776 - No-Laughing High School Extra Footage,#0776 - 罰ゲームSP未公開シーン
233,1186,#1186 - No-Laughing Earth Defense Force Extra Footage,#1186 - 笑ってはいけない地球防衛軍最後の未公開VTR
234,837,#0837 - No-Laughing Police Station Extra Footage,#0837 - 笑ってはいけない警察 未公開シーン
235,SP,2017-01-03 - No-Laughing Science Lab Extra Footage,2017-01-03 - 笑ってはいけない科学博士 一挙大公開SP!!
236,1136,#1136 - No-Laughing Enthusiastic Teachers Extra Footage,#1136 - 笑ってはいけない熱血教師未公開シーン
237,1087,#1087 - No-Laughing Airport Extra Footage,#1087 - 笑ってはいけない空港未公開シーン
238,SP,Highschool Batsu Ten Ten,2005-10-04 - 罰ゲームSP松本･山崎･ココリコ 絶対に笑ってはいけない高校（ハイスクール）
239,465,#0465 - Genkai - Katsu Curry,#0465 - 第４回カツカレーはどこまでカツカレーなのか!?カツカレーの限界に迫る!!
240,491,#0491 - Yamasaki's Midnight Piano Concert Batsu,#0491 - 山崎邦正 深夜の廃校でひとりぼっちのピアノコンサートの刑!!
241,472,#0472 - Itao Car Crash,#0472 - 板尾が見てる２
242,454,#0454 - Night Hide and Seek - Tonosama Heipo,#0454 - 第２回ダウンタウンプレゼンツ100万円争奪！冬の大かくれんぼ大会!!前代未聞タイムスリップした殿様発見か!?
243,448,#0448 - Tanaka Crying Segment,#0448 - 田中だよ！全員集合〜!! （田中ドッキリ）
244,493,#0493 - Kiki - #02 Tea,#0493 - この一口に命をかけろ 10万円争奪！ききお茶大会!!
245,452,#0452 - Tanaka Crying Parody,#0452 - 雨上がりだよ！全員集合〜!!
246,459,#0459 - Killer Med,#0459 - 先週のすごい薬をみんなでつけて激痛がくるか試してみる
247,460,#0460 - Hamada's 24h Commercial Batsu,#0460 - 「罰ゲーム〜24時間浜田雅功営業中」（前編）
248,451,#0451 - Itao is Watching,#0451 - 板尾が見てる!!
249,453,#0453 - Cosplay Bus Tour - #2 SM Queens,#0453 - 男のコスプレ企画第２弾！ SM嬢になってバスツアー!!
250,485,#0485 - Matsumoto Hypnotism Show,#0485 - 世紀末最後のカリスマ催眠術師 松本マーティン・ジェームスショー!!
251,492,#0492 - Stalking - Tanaka,#0492 - ココリコ・田中 尾行大作戦!!
252,480,#0480 - Tag with Guests,#0480 - 激走！泣く子もだまる恐怖の鬼ごっこ大会!!
253,455,#0455 - Hamada's Armageddon Puppet Show,#0455 - みんなで楽しもう!!話題の大ヒット映画「アルマゲドン」鑑賞ツアー!!
254,450,#0450 - Matsumoto's Funeral,#0450 - 第2回「松本が死んだ!?」 バーチャルリアルリアクション 涙のお別れコンテスト!!
255,488,#0488 - Kiki - #01 Canned Coffee,#0488 - この一口に命をかけろ 賞金10万円争奪！きき缶コーヒー!!
256,476,#0476 - Cocorico Presents Chilly Chilly Contest,#0476 - 第２回夏の暑さを吹き飛ばせ！納涼さぶさぶコンテスト！
257,484,#0484 - 100m Run,#0484 - ＊対決罰ゲーム10年の歴史（総集編）
258,1540,#1540 - Silent Library - #13,#1540 - 激ヤバ!サイレント図書館にミキ参戦!
259,1556,#1556 - GakiTsuka Jiji-Nuki - #4,#1556 - ５人の激アツ心理戦！ガキ使ジジ抜き第4弾
260,1579,#1579 - GakiTsuka Jiji-Nuki - #6,#1579 - ガキの使いオリジナルジジ抜き第6弾
261,1580,#1580 - I Think This Item Will Suit You - First Summer Uika,#1580 - どうせお前こんなん似合うんやろ選手権ファーストサマーウイカ
262,1561,#1561 - Cookie's Woman Diver Class - Part 2,#1561 - 菅田将暉初登場！海女さん教室(後編)
263,1557,#1557 - Shichi Henge - Einstein Inada,#1557 - ついに！アインシュタイン稲田の七変化
264,1571,#1571 - Shichi Henge - Magical Lovely's Noda,#1571 - マヂラブ野田七変化!!
265,1583,#1583 - Rendezvous Game - #8 Part 1,#1583 - 第8回スマホなしで待ち合わせ(前編)
266,1546,#1546 - 100 Yen Items STAR WARS Meetup,#1546 - １００均グッズで&#12953名作映画になりきり
267,1584,#1584 - Rendezvous Game - #8 Part 2,#1584 - 第8回スマホなしで待ち合わせ(後編)
268,1570,#1570 - TANAKER - #1,#1570 - TANAKER
269,1572,#1572 - Sports Challenge - #9 Alley-oop,#1572 - 松本人志がバスケの大技アリウープに挑戦
270,1585,#1585 - Ask the Best in a Strange Town - #6,#1585 - 行った事ない街でベスト３聞きましょう&#8252
271,1553,#1553 - Yamasaki Produce - #7,#1553 - 天才！方正プロデュースで神曲誕生
272,1552,#1552 - Tabletop Games Hamada - Dokkiri #2,#1552 - 実録！浜田は気づいてくれるのか検証
273,1565,#1565 - GakiTsuka Jiji-nuki - #5,#1565 - ガキの使いオリジナルジジ抜き第5弾
274,1560,#1560 - Cookie's Woman Diver Class - Part 1,#1560 - 菅田将暉初登場！海女さん教室(前編)
275,429,#0429 - Yamasaki vs Moriman - #3 Final Revenge Match,#0429 - 山崎vsモリマン 第3弾炎のファイナルリベンジマッチ IN 後楽園ホール！！
276,443,#0443 - Night Hide and Seek - UFO Heipo Discovery,#0443 - ヘイポー発見企画　第1弾ダウンタウンプレゼンツ100万円争奪！冬の大かくれんぼ大会！！
277,409,#0409 - Hamada's Death Farewell Tears Contest,#0409 - 「浜田が死んだ！？」バーチャルリアルリアクション涙のお別れコンテスト！！
278,418,#0418 - Golf Competition,#0418 - 今世紀最大！ 浜田vs松本他 夢のゴルフ対決！！
279,420,#0420 - Yamasaki vs Moriman - #2 Fateful Showbiz Revenge Match! an Endless Battle!! Part 2,#0420 - 山崎vsモリマン 第2弾芸能界因縁のリベンジマッチ！山崎vsモリマン エンドレスバトル！！
280,446,#0446 - Yamasaki vs Moriman - #4 Storming Last Final Revenge Match Part 2,#0446 - 山崎vsモリマン 第4弾今世紀最大の冬の陣嵐のラストファイナルリベンジマッチ（後編）
281,411,#0411 - Hamada's AV Filming Location Report (Hamada's Hentai Drawings),#0411 - 大人の社会見学！アダルトビデオ撮影現場潜入ムンムンレポート！！
282,438,#0438 - Cosplay Bus Tour - #1 Kogyaru,#0438 - バスツアー企画　第1弾「イヤよイヤよも好きのうち」男のコスプレ企画 コギャルになってバスツアー！！
283,419,#0419 - Ass Works Grand Prix,#0419 - めざせ一ケツ千金！ケッ作グランプリ！
284,430,#0430 - Titanic With Matsumoto's Mom Batsu - Part 1,#0430 - 罰ゲーム企画 第13弾浜ちゃん罰ゲームオカンとロスに行ってタイタニックのラブシーンを撮影！！
285,445,#0445 - Yamasaki vs Moriman - #4 Storming Last Final Revenge Match Part 1,#0445 - 山崎vsモリマン 第4弾今世紀最大の冬の陣嵐のラストファイナルリベンジマッチ（前編）
286,404,#0404 - Kiki - #00 Ramen,#0404 - 松本人志・挑戦シリーズ 第14弾前人未到のききラーメンに挑戦松本人志は本当にラーメンを食べわけられるのか！？
287,130,#0130 - Matsumoto Fights a Bear,#0130 - ウィリー松本・巨大熊と対決!!
288,143,#0143 - Traumatizing Kids with Downtown,#0143 - 地震・雷・火事・おやじ!!
289,141,#0141 - Matsumoto Hitoshi Was Torn into Pieces Due to an Accident,#0141 - 松本人志・交通事故でバラバラ!?
290,114,#0114 - Matsumoto SMPTE Color Bars Beep,#0114 - 松ちゃんカラーバーでTVジャック!!
291,1,#0001 - Manzai,#0001 - 偉いさん・医者・クイズ
292,659,#0659 - No-Laughing - Hot Spring Inn Bowling,#0659 - 浜田vs松本・ココリコ他 史上空前！ 4対1変則ボーリング対決!!
293,698,#0698 - Shocking Confession Memories Hotel - #2,#0698 - 衝撃告白！思い出旅館2!!
294,723,#0723 - Chage Baseball Tournament and Manzai,#0723 - チャゲだらけの野球大会!!
295,733,#0733 - Gas Nuki - Hemachi Do Paris,#0733 - 屁が出ると次の料理 ヘマチ・ド・パリ
296,729,#0729 - Shichi Henge - Yamazaki The Comedy Innovator Reverse Shichihenge,#0729 - 破天荒芸人 山崎邦正 スベったらお金払います
297,696,#0696 - Absolutely Tasty - Pizza,#0696 - これやってみたかってん! 第2弾 絶対にうまいピザ選手権〜!!
298,728,#0728 - Underwater Breath Holding Challenge - #3,#0728 - 松本vs大沼 エリ争奪！水中息止め対決
299,734,#0734 - Absolutely Tasty - Mixed Rice 2,#0734 - 第2回 これやってみたかってん! 絶対においしい炊き込みご飯選手権〜!! [第5弾]
300,707,#0707 - Kiki - #15 Instant Miso Soup,#0707 - この一口に命をかけろ 賞金10万円争奪！ききインスタントみそ汁〜!! (15)
301,726,#0726 - Absolutely Tasty - Chawanmushi,#0726 - これやってみたかってん! 第4弾!! 絶対においしい茶わん蒸し選手権〜!!
302,735,#0735 - Yamasaki Produce - #1,#0735 - 山崎プロデュースCD化を目指せ!!
303,724,#0724 - Wasabi Sushi Russian Roulette,#0724 - ガキ史上初！天才少年山崎発案！何人罰か分からない！わさび寿司ロシアンルーレット対決〜!!
304,704,#0704 - Endo's Hollywood Audition,#0704 - ココリコ遠藤ドッキリ企画!! 夢のハリウッドデビュー 赤っ恥オーディション!!
305,708,#0708 - Sports Challenge - #06 Limbo Fire Dance,#0708 - 炎のリンボーダンスに松本人志が挑戦!!
306,718,#0718 - Kiki - #16 Lemon Tea,#0718 - この一口に命をかけろ 賞金10万円争奪！ききレモンティ〜!!(16)
307,713,#0713 - Absolutely Tasty - Taiyaki,#0713 - これやってみたかってん! 第3弾 絶対においしいたい焼き選手権〜!!
308,944,#0944 - Murakami Shoji's Class - Dracula,#0944 - 村上ショージのドラキュラ教室
309,963,#0963 - Fishing Competition - #15 Part 1,#0963 - 第15回 芸能人釣り選手権（前編）
310,984,#0984 - Kiki - #26 Corn Soup,#0984 - この一口に命をかけろ 賞金10万円争奪！ききコーンスープ〜!!
311,941,#0941 - Shichi Henge - Wariameshi's Tetsuo,#0941 - 笑い飯哲夫　七変化〜!!
312,970,#0970 - Food Marathon - Gyoza Part 1,#0970 - 東京23区全32店舗を食い尽くせ! 餃子の王将 SARAE MARATHON（前編）
313,942,#0942 - Pie Hell World Record,#0942 - テレビ史上最多パイ投げ地獄ゲーム
314,957,#0957 - Shocking Confession Memories Hotel - #3,#0957 - 衝撃告白!思い出旅館!!
315,971,#0971 - Food Marathon - Gyoza Part 2,#0971 - 東京23区全32店舗を食い尽くせ! 餃子の王将 SARAE MARATHON（後編）
316,969,#0969 - Kiki - #25 Ham,#0969 - この一口に命をかけろ 賞金10万円争奪！ききハム〜!!
317,965,#0965 - Murakami Shoji's Class - Bullfighter,#0965 - 村上ショージの闘牛士教室
318,940,#0940 - Itao Itsuji's Do Not Get Aroused,#0940 - 板尾創路プレゼンツ 興奮してはいけない小学生
319,956,#0956 - Comedian Quiz Grand Prix,#0956 - コンビ対抗クイズグランプリ
320,964,#0964 - Fishing Competition - #15 Part 2,#0964 - 第15回 芸能人釣り選手権（後編）
321,974,#0974 - The Anguish of Endo Shozo,#0974 - 放送20周年記念企画 遠藤章造の被害妄想日記 ガキチームVS南阿佐ヶ谷商店街チーム草野球バトル!!
322,978,#0978 - Shichi Henge - Kendo Kobayashi,#0978 - ケンドーコバヤシ七変化〜!!
323,946,#0946 - Kiki - #24 Ketchup,#0946 - この一口に命をかけろ 10万円争奪！ききケチャップ〜!!
324,951,#0951 - Endo's New Wife Audition,#0951 - 新千秋オーディション
325,959,#0959 - Surprise Heipo Photos,#0959 - ヘイポーサプライズ写真大作戦!!
326,977,#0977 - Heipo Spirit Camp,#0977 - ヘイポー一人ぼっちの真夜中の大運動会!!
327,900,#0900 - Shouhei Auditions to Become a Regular - #2,#0900 - 放送900回記念企画 笑福亭笑瓶の被害者は誰だ!?
328,892,#0892 - Murakami Shoji's Class - Clown,#0892 - 教室シリーズ 第5弾 村上ショージのピエロ教室
329,919,#0919 - Murakami Shoji's Class - Maiko,#0919 - 村上ショージの舞妓はん教室
330,924,#0924 - Technician Challenge - Nipple Kissing,#0924 - ビーチク早吸いマッチ!!
331,912,#0912 - The Game of Comedian Life,#0912 - コンビ対抗芸能人生ゲーム!!
332,905,#0905 - Murakami Shoji's Class - Ghostbuster,#0905 - 村上ショージのゴーストバスターズ教室
333,933,#0933 - 500 Quiz - Manager Fujiwara,#0933 - クイズマネージャー藤原の500のコト
334,893,#0893 - Sneaky Thief Yamasakis Trial - Part 1,#0893 - 山崎邦正コソ泥裁判（前編）
335,906,#0906 - Silent Library - #05,#0906 - 三谷幸喜とサイレント図書館
336,928,#0928 - Kiki - #23 Natto,#0928 - この一口に命をかけろ 賞金10万円争奪！きき納豆〜!!
337,898,#0898 - Kiki - #22 Tonkatsu Sauce,#0898 - 目指せ賞金10万円!! ききトンカツソース
338,910,#0910 - Itao's Itsuji Shopping,#0910 - イッツジーショッピング
339,891,#0891 - Finish Rice with Food That Starts with A,#0891 - 「あ」で始まるおかずでゴハンを一升食べつくせ〜!!
340,894,#0894 - Sneaky Thief Yamasakis Trial - Part 2,#0894 - 山崎邦正コソ泥裁判（後編）
341,929,#0929 - Yamasaki Produce - #4 Ft. Haruna Ai,#0929 - 山崎プロデュース 第4弾
342,921,#0921 - New Batsu Experiments - Part 2,#0921 - テレビ業界初！&#9400罰ゲームを考える（後編）
343,911,#0911 - Technician Challenge - Hip Shaking,#0911 - 昇天！腰フリマッチ!!
344,920,#0920 - New Batsu Experiments - Part 1,#0920 - テレビ業界初！&#9400罰ゲームを考える（前編）
345,1292,#1292 - Long Interview - Jimmy Onishi Part 1,#1292 - ジミー大西24時間ロングインタビュー!!（前編）
346,1300,#1300 - Itao's Lip-sync Song Show - #3,#1300 - 放送1300回記念企画　名曲を口ぱくで熱唱 帰ってきた 夜の口ぱくヒットスタジオ
347,1294,#1294 - Mori Shinichi Dinner Show,#1294 - 全て遠藤の想像!! ニセ森進一ディナーショー（遠藤森進一）
348,1322,#1322 - Rendezvous Game - #3 Part 1,#1322 - 第3回 スマホ無しで待ち合わせ!（前編）
349,1328,#1328 - Liars' Hotel - #4,#1328 - 全乗っかり 即興! ウソつき旅館
350,1326,#1326 - Kiki - #40 Melon Pan,#1326 - この一口に命をかけろ 賞金10万円争奪！ききメロンパン〜!!
351,1321,#1321 - I Think This Item Will Suit You - #1,#1321 - アイツの事を1番理解しているのは俺だ! どうせお前こんなん似合うんやろ選手権! りゅうちぇる編〜!!
352,1296,#1296 - I Think You Will Like This Item - #7,#1296 - アイツの事を1番理解しているのは俺だ! どうせお前こんなん好きなんやろ? 選手権〜!!（中村玉緒編）
353,1293,#1293 - Long Interview - Jimmy Onishi Part 2,#1293 - ジミー大西24時間ロングインタビュー!!（後編）
354,1330,#1330 - Shichi Henge - Jungle Pocket's Saito,#1330 - ジャングルポケット斉藤 七変化〜!!
355,1316,#1316 - Absolutely Tasty - Okonomiyaki Part 1,#1316 - これやってみたかってん! 絶対に美味しいお好み焼き選手権!!（前編）[第14弾]
356,1302,#1302 - Rendezvous Game - #1 Part 2,#1302 - いつになったら会える？スマホ無しで待ち合わせ 完結編！（後編）
357,1332,#1332 - Ask the Best in a Strange Town - #1 Part 2,#1332 - 行ったことない街でベスト5聞きましょ〜!!（後編）
358,1331,#1331 - Ask the Best in a Strange Town - #1 Part 1,#1331 - 行ったことない街でベスト5聞きましょ〜!!（前編）
359,1324,#1324 - Hot Blooded Hamada's Cram School - #3,#1324 - 熱血! 浜田塾!!
360,1287,#1287 - Endo's Verification Dokkiri,#1287 - 遠藤(秘)検証VTR!
361,1307,#1307 - Stroll to Meet Celebrities - #6,#1307 - 徹底検証！有名人に会うまでぶらりし続けましょう!! 下北沢編
362,1297,#1297 - Sudden Japanese Dance Competition,#1297 - いきなり日本舞踊選手権〜!!
363,1301,#1301 - Rendezvous Game - #1 Part 1,#1301 - 5人の気持ちは揃うのか!? スマホ無しで待ち合わせ（前編）
364,1319,#1319 - Ghost Stories - World Summit 2016,#1319 - 世界の怖い話は本当に怖いのか!? 世界怪談サミット2016
365,1306,#1306 - Kiki - #39 Tomato Juice,#1306 - この一口に命をかけろ 賞金10万円争奪！ききトマトジュース〜!!
366,1317,#1317 - Absolutely Tasty - Okonomiyaki Part 2,#1317 - これやってみたかってん! 絶対に美味しいお好み焼き選手権!! 完結編（後編）[第14弾]
367,1323,#1323 - Rendezvous Game - #3 Part 2,#1323 - 第3回 スマホ無しで待ち合わせ!（後編）
368,1303,#1303 - Impromptu Scary Story Inn,#1303 - お題を使って怖がらせろ! 即興! 怪談噺 旅館
369,1308,#1308 - Silent Library - #06 Part 1,#1308 - 声を出さずバツに耐えろ サイレント図書館 ゲスト：東幹久（前編）
370,1309,#1309 - Silent Library - #06 Part 2 + Ghost Stories,#1309 - もはや絶叫不可避!?サイレント図書館 完結編!（後編）& 即興! 怪談噺 旅館 未公開シーン
371,1315,#1315 - Costume Talk - Letter Reading,#1315 - 着ぐるみトーク
372,1314,#1314 - Rendezvous Game - #2,#1314 - 第2回 5人の気持ちは揃うのか!? スマホなしで待ち合わせ〜!!
373,1334,#1334 - I Think This Item Will Suit You - Yuichi Kimura,#1334 - アイツの事を1番理解しているのは俺だ! どうせお前こんなん似合うんやろ選手権! 鈴木福編〜!!
374,1299,#1299 - Shichi Henge - Hollywood Zakoshisho,#1299 - ハリウッドザコシショウ 七変化〜!!
375,1320,#1320 - Look Sharp and Hold It 30min Endurance Drive,#1320 - キリッと顔をキープ!30分耐久ドライブ!
376,1661,#1661 - TANAKER - #3,
377,164,#0164 - Yamasaki Kendo,#0164 - 剣道大会!!（チームゼロ山崎、本編でトークできるのか？）
378,188,#0188 - Hamadas France Evian Trip Batsu Game,#0188 - 罰ゲーム・松ちゃん苦しい!!浜ちゃんフランスにエビアン汲みに行く!!
379,204,#0204 - Bravery Bowling - #2,#0204 - 第２回根性試しボーリング大会
380,201,#0201 - Oogiri Daigassen - #6 Part 2,#0201 - 祝２００回記念・第６回大喜利大合戦（後）
381,200,#0200 - Oogiri Daigassen - #6 Part 1,#0200 - 祝２００回記念・第６回大喜利大合戦（前）
382,176,#0176 - Loser Yamasaki,#0176 - ヘタレ山崎イメチェン企画！俺が番長だ!!
383,173,#0173 - Car Crash Pole Knockdown,#0173 - クラッシュ棒倒し倒してポン!!
384,193,#0193 - Matsumoto's Motorcycle Stunt Hell,#0193 - 地獄のバイクスタント階段のぼりに挑戦！
385,179,#0179 - Steal the Butt.flv,#0179 - 尻とり合戦アッチッチ!!
386,198,#0198 - Bravery Bowling - #1,#0198 - 根性試しボーリング大会!!
387,566,#0566 - Kiki - #08 Toothpaste,#0566 - この一磨きに命をかけろ 賞金10万円争奪！きき歯みがき粉!!
388,552,#0552 - Kiki - #07 Bread,#0552 - この一口に命をかけろ 賞金10万円争奪！きき食パン!!
389,570,#0570 - Yamasaki Sleep Endurance,#0570 - 全員熟睡楽屋で山崎やり放題!!
390,556,#0556 - Matsumoto Failed College Test,#0556 - 松本人志 大学合格なるか!?
391,564,#0564 - Sports Challenge - #04 Baseball,#0564 - 松本人志150km/hの速球を打ち返す!!
392,551,#0551 - Silent Library - Compilation,#0551 - 図書館でサイレント
393,559,#0559 - Miniversal Studios Japan,#0559 - GW特別オープン ミニバーサルスタジオ
394,571,#0571 - Haunted Hotel Batsu Game,#0571 - 松本人志罰ゲーム 廃旅館一泊二日の旅1
395,580,#0580 - Hamashou Only Baseball Match,#0580 - 浜省だらけの野球対決→秘蔵トーク集
396,584,#0584 - Kiki - #09 Steamed Buns,#0584 - この一口に命をかけろ 賞金10万円争奪！きき肉まん!!
397,561,#0561 - Gorenjai Challenge (Five Rangers Game),#0561 - ゴレンジャイゲーム!!
398,553,#0553 - Goodbye Yamasaki - 2001,#0553 - さようなら 山崎邦正!!
399,1605,#1605 - Rendezvous Game - #9 Part 2,#1605 - 第9回 5人の気持ちは揃うのか!? スマホなしで待ち合わせ～!! (後編)
400,1595,#1595 - Slimy Club - Part 2,#1595 - 部活シリーズ　ぬるぬる部!!(後編)
401,1612,#1612 - Tabletop Games - Matsumoto Dokkiri,#1612 - 松本は いつ気づいてくれるのか検証～!!
402,1597,#1597 - Kiki - #43 Milk Tea,#1597 - この一口に命をかけろ!!賞金10万円争奪！ききミルクティ!!
403,1629,#1629 - Ask the Best in a Strange Town - #8,#1629 - 行った事ない街でベスト3聞きましょう‼
404,1604,#1604 - Rendezvous Game - #9 Part 1,#1604 - 第9回 5人の気持ちは揃うのか!? スマホなしで待ち合わせ～!! (前編)
405,1599,#1599 - Ask the Best in a Strange Town - #7,#1599 - 行った事ない街でベスト３聞きましょう!!
406,1614,#1614 - TANAKER - #2,#1614 - TANAKER 2nd
407,1633,#1633 - Rendezvous Game - #10 Part 2,#1633 - スマホなしで待ち合わせ
408,1630,#1630 - Let's Fulfill Hamada's Desire to Lift That Up,#1630 - 浜田のめくり願望を叶えよう‼
409,1596,#1596 - Challenge to Topple 10000 Dominoes,#1596 - ドミノ倒し１万個に挑戦!!
410,1602,#1602 - I Think This Item Will Suit You - Tatekawa Shiraku,#1602 - 立川志らく
411,1628,#1628 - Silent Library - #14,#1628 - 恒例企画『サイレント図書館』にニューヨークが参戦‼カードを引いてドクロが出たら恐怖の罰ゲーム執行‼スタート前からまさかのハプニング発生⁉㊙アイテムを使った痛すぎる罰で屋敷が吠える⁉予想外の展開でなぜか全員が笑顔に⁉浜田のドＳが発動し嶋佐の顔面が大ピンチ⁉見た目ではわからない罰で田中が崩壊⁉あの男が連続でドクロを引きまくる…痛い、臭い、不快の罰連発で悶絶⁉果たしてもっとも罰を受けるのは誰なのか!?
412,1590,#1590 - Shichi Henge - Kuuki-kaidan's Mogura Suzuki,#1590 - 空気階段もぐら七変化〜!!
413,1587,#1587 - GakiTsuka Jiji-Nuki - #7,#1587 - 大好評ガキ使オリジナルジジ抜き!!
414,1632,#1632 - Rendezvous Game - #10 Part 1,#1632 - 全員の気持ちは揃うのか⁉︎スマホなしで待ち合わせ‼
415,1594,#1594 - Slimy Club - Part 1,#1594 - 部活シリーズ　ぬるぬる部!!(前編)
416,1613,#1613 - Shichi Henge - Toro Salmon's Kubota,#1613 - とろサーモン久保田 七変化～!!
417,262,#0262 - Master Painter Matsumotos Drawing Dojo,#0262 - 目指せルーブル美術館!!ゴッホ松本のお絵かき道場!!（浜田画伯の絵に一同びっくり）
418,SP,1995-04-02 - Hamada New York City Mechanical Pencil Batsu Game,1995-04-02 - SP『ダウンタウンのガキの使いやあらへんで!!スペシャル』21:00-22:54(114m)
419,297,#0297 - Shichi Henge - Yamasaki Hosei,#0297 - 山崎邦正七変化!! (七変化第1回)
420,303,#0303 - Manager Okamoto Is Mad in Hong Kong,#0303 - 1995年度第１回ガキデミー賞授賞式
421,259,#0259 - Yamasaki vs Jimmy,#0259 - 仁義なき犬猿の戦い(5)IN楽屋
422,298,#0298 - Matsumoto vs Hamada 100 - #1,#0298 - 松本VS浜田100本勝負
423,296,#0296 - Piercing Roulette,#0296 - スタッフピアスでモテモテ大作戦!!
424,266,#0266 - Yamasaki Fired,#0266 - 山崎邦正ドッキリカメラ（吉本クビになる？）
425,279,#0279 - Oogiri Daigassen - #7 Part 2,#0279 - 第７回大喜利大合戦!!（後編）
426,270,#0270 - Degawa vs Yamasaki Reaction Battle To Become a Regular,#0270 - 山崎・出川リアクション対決
427,288,#0288 - Musical Adventure Summer 95,#0288 - ミュージカルアドベンチャー'95SUMMER愛
428,275,#0275 - Yamasaki's Slap Collection,#0275 - 山崎邦正企画会議
429,291,#0291 - Stalking - Matsumoto,#0291 - 松本ドッキリ！尾行大作戦!!（尾行シリーズ(1)）
430,268,#0268 - Director Okamoto Reverse Bungee,#0268 - マネージャー岡本が怒る!?(1)〜逆バンジー
431,80,#0080 - Matsumoto Dokkiri,#0080 - 世界新記録に挑戦!!
432,96,#0096 - Dont Say Hot,#0096 - あつあつガマン大会!!
433,74,#0074 - Special Nabe Battle,#0074 - ごっつううまいねん?!　チキチキ　ヤミ鍋対決!!
434,859,#0859 - Oogui Contest,#0859 - 力を合わせてギャル曽根を倒せ！ ガチンコ大喰い対決〜!!
435,860,#0860 - Hamada Sleep Endurance Prank,#0860 - 浜田の無理やり寝起きドッキリ!!
436,842,#0842 - Yama No Ishimatsu 100 Cuts,#0842 - 山崎邦正20周年100人斬りに挑む!!
437,874,#0874 - 500 Quiz - Yamasaki Aya,#0874 - クイズ山崎あやの500のコト
438,844,#0844 - Shichi Henge - Fujiwara Fujimoto,#0844 - FUJIWARA・藤本 七変化〜!!
439,854,#0854 - Murakami Shoji's Class - Pirate,#0854 - 教室シリーズ 第3弾 村上ショージの海賊教室
440,870,#0870 - Amazing Snoring Verification,#0870 - 芸人おにぎりの凄いイビキを検証
441,849,#0849 - 500 Quiz - Hamada,#0849 - クイズ浜田の500のコト
442,862,#0862 - Morisanchu Rubiks Cube Sauna Battle,#0862 - 森三中真のリーダーは誰だ!? サウナでルービックキューブ対決〜!!
443,846,#0846 - Kiki - #20 Oolong Tea,#0846 - この一口に命をかけろ 賞金10万円争奪!きき烏龍茶〜!!
444,841,#0841 - Technician Challenge - Nipple Touching,#0841 - ビリになったら罰ゲーム ビーチクいじりマッチ!!
445,871,#0871 - Technician Challenge - High Speed Kissing,#0871 - テクニシャン対決 第4弾 スピードキスマッチ!!
446,855,#0855 - Technician Challenge - Underwear Removal,#0855 - パンツ脱がし選手権!!
447,869,#0869 - Murakami Shoji's Class - Pilot,#0869 - 教室シリーズ 第4弾 村上ショージのパイロット教室
448,853,#0853 - Absolutely Tasty - Pasta,#0853 - これやってみたかってん! 第9弾!! 絶対においしいパスタ選手権〜!! [第10弾]
449,880,#0880 - Kiki - #21 Ponzu,#0880 - ききポン酢
450,878,#0878 - Vacuum Fujiwara Shumai Hell Punishment!,#0878 - バキューム藤原 シューマイ地獄の刑
451,839,#0839 - Murakami Shoji's Class - Green Beret,#0839 - 教室シリーズ 第2弾 グリーンベレー教室
452,629,#0629 - 7 Rangers Game,#0629 - 奇跡再び確率82万通り(秘)ゲーム ナナレンジャイ
453,605,#0605 - Matsumoto vs Crossbow,#0605 - 松本挑戦 ボウガンから逃げる
454,609,#0609 - Underwater Breath Holding Challenge - #1,#0609 - 息止め部（vsオフィス北野）
455,630,#0630 - Kishibe Shiro's Cooking Boobie Trap Hell,#0630 - 芸能界 男と男の手料理対決〜!! （ゲスト：岸部四郎）
456,612,#0612 - Dice Reaction Batsu Game,#0612 - サイコロリアクション罰ゲーム
457,601,#0601 - Kiki - #10 Pudding,#0601 - この一口に命をかけろ 賞金10万円争奪！ききプリン〜!!
458,634,#0634 - No Reaction Pie Hell Batsu Game,#0634 - 松本無残番組史上初(秘)罰ゲーム パイ投げ
459,618,#0618 - Kiki - #11 Instant Rice,#0618 - この一口に命をかけろ 賞金10万円争奪！ききインスタントご飯〜!!(第11弾)
460,635,#0635 - Shichi Henge - Bob Sapp,#0635 - 遂に解禁ボブ・サップ七変化！
461,1255,#1255 - The Wonderful Garu Tour,#1255 - 喫茶店で華麗に「がる」ツアー!!
462,1244,#1244 - Hosei's Birthday Letters - Part 2,#1244 - ヤラセ感動企画 方正作 ウソ感謝状 完結編（後編）
463,1271,#1271 - I Think You'll Like This Item - #6,#1271 - アイツの事を1番理解しているのは俺だ！どうせお前こんなん好きなんやろ？選手権〜!!（T.M.Revolution 西川貴教編）
464,1263,#1263 - Hamada's Trip to Enoshima,#1263 - 浜田をドッキリにかけた!! ぶらり旅で名言がでるのか検証（ぶらり江ノ島 名言の旅!!）
465,1258,#1258 - 30000 Yen Talent Show - Part 2,#1258 - 1万でも5万でもない! これ絶対その価値あり! 3万円選手権〜!! 完結編（後編）
466,1253,#1253 - Hamada Idol Project,#1253 - ガキの使い完全プロデュース 浜田アイドルプロジェクト（浜田ばみゅばみゅ）
467,1280,#1280 - Stroll to Meet Celebrities - #5,#1280 - 徹底検証！有名人に会うまでブラリし続けましょう!! 駒沢編
468,1283,#1283 - Animal Acting Contest,#1283 - ふざけたら出入り禁止！ガチマジ動物コンテスト〜!!
469,1254,#1254 - Matsumoto's Underwear Golf,#1254 - パンツを見てはいけない ゴルフレッスン
470,1252,#1252 - Kiki - #37 Green Tea,#1252 - この一口に命をかけろ 賞金10万円争奪！きき緑茶〜!!
471,1242,#1242 - Real Rage Tour - #2,#1242 - 第2回 イタズラは許さない! 本気(マジ)ギレツアー!!
472,1243,#1243 - Hosei's Birthday Letters - Part 1,#1243 - ヤラセ感動企画 方正作 ウソ感謝状（前編）
473,1270,#1270 - Kiki - #38 Anpan,#1270 - この一口に命をかけろ 賞金10万円争奪！ききあんぱん〜!!
474,1241,#1241 - Life of the Ogoo Endo Pteranodon,#1241 - 遠藤プテラノドン・オゴッ!の一生!
475,1269,#1269 - Strongest Space Robot War,#1269 - 俺のロボットがナンバーワン! 宇宙最強ロボット大戦〜!!
476,1267,#1267 - Ghost Stories - World Summit 2015,#1267 - 世界の怖い話は本当に怖いのか!? 世界怪談サミット2015
477,1247,#1247 - Stroll to Meet Celebrities - #3,#1247 - 徹底検証！有名人に会うまでぶらりし続けましょう!! 自由が丘編
478,1245,#1245 - Itao's Lip-sync Song Show - #2,#1245 - 帰ってきた 夜の口パクヒットスタジオ
479,1251,#1251 - I Think You'll Like This Item - Mizusawa Ari,#1251 - アイツの事を一番理解しているのは俺だ！どうせお前こんなん好きなんやろ選手権〜！水沢アリー編!!
480,1276,#1276 - Famicom Retro Game Battle - Super Famicom,#1276 - 懐かしのレトロゲーム スーパーファミコンを遊びつくせ〜!!
481,1259,#1259 - Endo's Shinichi on Location - #1,#1259 - 遠藤にお願い! こんな森進一が見てみたい〜!!
482,1282,#1282 - Liars' Inn - #3,#1282 - 全乗っかり 即興! ウソつき旅館
483,1257,#1257 - 30000 Yen Talent Show - Part 1,#1257 - 1万でも5万でもない! これ絶対その価値あり! 3万円選手権〜!!（前編）
484,1275,#1275 - Endo's Shinichi on Location - #2,#1275 - 遠藤のウチいく!?（森進一のウチいく!?）
485,1264,#1264 - Stroll to Meet Celebrities - #4,#1264 - 徹底検証！有名人に会うまでぶらりし続けましょう!! 三軒茶屋編
486,,Matsumoto Challenge - High Voltage,
487,,Manzai - Matsumoto Bozu - Shaved Head,
488,,Manzai - Matsumoto Loves Donkey Kong 64,
489,,Manzai - The Rude Fans,
490,,Manzai - Matsumoto Meets Michael Jackson,
491,,Manzai - The Study of Ah,
492,,No-laughing Batsu 2018 Treasure Hunters Announcement,
493,,Manzai - Has Hamada Done Anything Good,
494,,If Downtown Had Formed a Band Instead,
495,,Manzai - Stuttering,
496,,Manzai - Typhoon,
497,,Manzai - The Time Matsumoto Didn't Make a Joke,
498,,Manzai - Kimura,
499,,Manzai - Tolls,
500,,Manzai - Space Cop,
501,,Manzai - Hidden,
502,,Manzai - One Last Cool Line For the Graduation Ceremony,
503,,Manzai - What if Hamada Died Tomorrow,
504,,Manzai - Matsumoto's Dream,
505,,Manzai - Matsumoto and Yakuza,
506,,Manzai - New Soccer Positions,
507,,Manzai - Trimming,
508,,Manzai - Parking Lot,
509,,Manzai - Childbirth Technique,
510,,Manzai - Animal Surgery,
511,,Manzai - Earthquake During Downtown Talk,
512,,Manzai - If Hamada Were Bitten by a Poisonous Snake,
513,,Manzai - Boke and Tsukkomi,
514,,Manzai - Rabies,
515,,Yamasaki vs. Jimmy,
516,,Manzai - Downtown Talk,
517,,Manzai - The Pilot,
518,,Yamasaki Gollum,
519,,Housei’s Singing Voice Compilation,
520,,Manzai - Downtown's Friendship Account,
521,,Manzai - Crying,
522,,Manzai - Curry,
523,,Manzai - What Happens When You Die,
524,,Manzai - The Never-Laughing Man,
525,,Manzai - Kansai Dialect Proficiency Test,
526,,Manzai - Legendary Day,
527,,Manzai - Sloths,
528,,Manzai - The Old Man and the Gorilla,
529,,Manzai - Sentai,
530,,Manzai - What If We Weren't Comedians,
531,,2020 Batsu Game Promo Video,
532,,Manzai - Occupational Disease,
533,,Manzai - Matsumoto's sauna incident,
534,,Manzai - GakiGaki-kun,
535,,Manzai - Scary Story,
536,,Manzai - If I Were an F1 Racer,
537,,Manzai - Matsumoto Gets Special Powers,
538,,Manzai - Gyakugire (Getting Mad at Getting Mad),
539,,Manzai - Matsui,
540,,Manzai - McDonalds,
541,,Early Monmari Battle,
542,,Manzai - Matsumoto Gets Angry,
543,1028,#1028 - Ghost Stories - Beach,#1028 - 浜田の心霊ビデオ（浜田が見ている）
544,1014,#1014 - Kiki - #27 Jam,#1014 - この一口に命をかけろ 賞金10万円争奪！ききジャム〜!! （ゲスト：関根勤）
545,1027,#1027 - Murakami Shoji's Class - Ninja with Girolamo,#1027 - ジローラモの忍者教室
546,1004,#1004 - Shichi Henge - Baaman Shitara,#1004 - バナナマン設楽 七変化〜!!
547,995,#0995 - Food Marathon - Takoyaki Part 1,#0995 - 銀だこ食べて100万円！東京23区37店舗 完全制覇〜!!（前編）
548,1020,#1020 - Food Marathon - Sushizanmai Part 2,#1020 - すしざんまい食べつくして100万円！東京23区31店舗完全制覇〜!! 完結編
549,996,#0996 - Food Marathon - Takoyaki Part 2,#0996 - 銀だこ食べて100万円！東京23区37店舗 完全制覇〜!!（後編）
550,1025,#1025 - Trivia Drive GO GO - Part 1,#1025 - ドライブは豆知識でGO!GO!
551,1001,#1001 - Absolutely Tasty - Nukazuke,#1001 - これやってみたかってん! 絶対においしいぬか漬け選手権!! [第11弾]
552,999,#0999 - Goodbye Yamasaki - 2010,#0999 - ガキの使い卒業 さようなら山崎邦正
553,1008,#1008 - Hamada Trial - Airhead Part 1,#1008 - 浜田雅功 天然裁判!!（前編）
554,1026,#1026 - Trivia Drive GO GO - Part 2,#1026 - ドライブは豆知識でGO!GO! 完結編
555,994,#0994 - Shichi Henge - Bananaman Himura,#0994 - バナナマン日村七変化〜!!
556,1013,#1013 - Endo Kissing Quiz - Maa Maa Maa,#1013 - 章造遠藤のクイズ！まあまあまあ！
557,1009,#1009 - Hamada Trial - Airhead Part 2,#1009 - 浜田雅功 天然裁判!!（後編）
558,1019,#1019 - Food Marathon - Sushizanmai Part 1,#1019 - すしざんまい食べつくして100万円！東京23区31店舗完全制覇〜!!
559,1106,#1106 - Comedy Guidelines Decision Meeting,#1106 - お笑いガイドライン大判定会〜!!
560,1088,#1088 - Special Skills Demonstration - Part 1,#1088 - 特技披露会議 毎分をあげよう〜!!（前編）
561,1119,#1119 - Kiki - #31 Mizu Yokan,#1119 - この一口に命をかけろ 賞金10万円争奪！きき水ようかん〜!!
562,1134,#1134 - Kiki #32 - Castella,#1134 - この一口に命をかけろ 賞金10万円争奪！ききカステラ〜!!
563,1113,#1113 - Hamada's 50 Person Knockout Challenge,#1113 - 浜田の真骨頂！今夜開眼なんやねん50人斬り挑戦
564,1126,#1126 - Cooking I Always Wanted to Try,#1126 - 日テレさんに甘えて! 絶対においしい やってみたかってん料理選手権〜!! (シリーズ第13弾)
565,1093,#1093 - Freeze King Grand Prix - Part 2,#1093 - 固まり王グランプリ 完結編
566,1092,#1092 - Freeze King Grand Prix - Part 1,#1092 - 固まり王グランプリ
567,1091,#1091 - Kiki - #30 Canned Tuna,#1091 - この一口に命をかけろ 賞金10万円争奪！ききツナ缶〜!!
568,1103,#1103 - Good Kid Contest,#1103 - オーディションクイズ！正解率度外視！ええ子率コンテスト〜!!
569,1114,#1114 - Yamasaki Produce - #5,#1114 - 天才音楽プロデューサー山崎 5度目の正直! 音楽業界に殴り込み〜!!
570,1128,#1128 - Rola's Punishment for Tanaka,#1128 - 田中 お仕置き 109前でローラのモノマネ
571,1089,#1089 - Special Skills Demonstration - Part 2,#1089 - 特技披露会議 毎分をあげよう〜!!（後編）
572,1107,#1107 - Hungry Drive - #5 Part 1,#1107 - 腹ペコ!! ハングリードライブ!!（前編）
573,1127,#1127 - Karuta Competition - Rola,#1127 - ローラ完全プロデュース!! たくさん取れればいい感じ カルタ争奪戦〜!!
574,1095,#1095 - 100 Quiz - Matsumoto Hitoshi Part 2,#1095 - クイズ松本人志の100のコト（後編）
575,1109,#1109 - Tanakas Breakdown - #2,#1109 - ココリコ田中が激怒 その意外な訳は？(田中 破天荒)
576,1094,#1094 - 100 Quiz - Matsumoto Hitoshi Part 1,#1094 - クイズ松本人志の100のコト（前編）
577,1115,#1115 - Itao's Indian Show,#1115 - 板尾の嫁がインドのお化け番組に出演？
578,1131,#1131 - Lego Team Battle,#1131 - 大人になんてなりたくない！チーム対抗LEGOバトル〜!!
579,1098,#1098 - Tanaka's Breakdown #1,#1098 - 密着 田中直樹(田中 破天荒)
580,1108,#1108 - Hungry Drive - #5 Part 2,#1108 - 腹ペコ!! ハングリードライブ!!（後編）
581,1102,#1102 - Murakami Shoji's Class - Michael Jackson,#1102 - 村上ショージ マイケル・ジャクソン教室
582,1096,#1096 - 100 Shouts of Matsumoto,#1096 - 松本人志の100のコトお仕置き！松本！100叫びの刑〜!!
583,685,#0685 - Make Heipo Cool,#0685 - カッコイイ ヘイポーを見せる!!
584,653,#0653 - Sports Challenge - #05 Weightlifting,#0653 - 松本人志ウエイトリフティング・スナッチ220kg世界新記録に挑戦!!
585,679,#0679 - Kiki - #14 Orange Juice,#0679 - この一口に命をかけろ 賞金10万円争奪！ききオレンジジュース〜!! [第14弾]
586,680,#0680 - Shichi Henge - Shinagawa Hiroshi,#0680 - 祝・結婚！品川庄司 品川七変化〜!!
587,676,#0676 - High Speed Rotation Challenge,#0676 - 高速回転グルグル部
588,645,#0645 - Hamada's Weak Character,#0645 - 前代未聞みんなで浜田を(秘)改造
589,667,#0667 - Absolutely Tasty - Mixed Rice #1,#0667 - これやってみたかってん! 絶対においしい炊き込みご飯選手権〜!! [第1弾]
590,652,#0652 - Drunk Momotaro Theatre,#0652 - これが俺らの芸人根性！ へべれけ寸劇桃太郎!!
591,657,#0657 - Kiki - #13 Chocolate,#0657 - この一口に命をかけろ 賞金10万円争奪！ききチョコレート〜!! (13)
592,687,#0687 - Hamada Vladivostok Batsu Game,#0687 - 浜田雅功罰ゲーム ロシアウラジオストクのウラジオストク中学校の体育館裏で裏番長に裏拳で殴られてくる!!（前編）
593,656,#0656 - Genkai - Napolitan,#0656 - 新限界シリーズ ナポリタンはどこまでナポリタンなのか ナポリタンの限界で賞金をもらおう〜!!(6)
594,683,#0683 - Genkai - Omurice,#0683 - 限界シリーズ オムライスはどこまでオムライスなのか？ オムライスの限界で賞金をもらおう〜!!［限界シリーズ(7)］
595,686,#0686 - Cosplay Bus Tour - #5 Pink Lady,#0686 - コンビ対抗 ピンク・レディーだらけのバスツア〜!!
596,646,#0646 - Happy Birthday Yamachan,#0646 - あの男に贈る誕生日プレゼント
597,684,#0684 - Shocking Confession Memories Hotel - #1,#0684 - 衝撃告白!思い出旅館!!
598,644,#0644 - Kiki - #12 Yoghurt,#0644 - この一口に命をかけろ 賞金10万円争奪！ききヨーグルト〜!!
599,1397,#1397 - Silent Library - #09 Part 2,#1397 - サイレント図書館 ゲスト：袴田吉彦（後編）
600,1394,#1394 - Goodbye Yamasaki - 2018,#1394 - 芸能界 完全引退 さようなら 月亭方正
601,1395,#1395 - Let's Play with Tabletop Games from Around the World - #1,#1395 - 世界のテーブルゲームを遊びつくせ〜!!
602,1427,#1427 - Silent Library - #10,#1427 - サイレント図書館 ゲスト：HIKAKIN
603,1434,#1434 - Food Marathon - Gaburi Chicken Part 1,#1434 - がブリチキン。食べ尽くして10万円! 東京都内20店舗 完全制覇〜!!
604,1402,#1402 - Ask the Best in a Strange Town - #3 Part 1,#1402 - 第3回 行ったことない街でベスト3聞きましょう〜!!（前編）
605,1410,#1410 - Let's Play with Tabletop Games from Around the World - #2 Part 2,#1410 - 第2回 世界のテーブルゲームを遊び尽くせ〜!!（後編）
606,1404,#1404 - Liars' Inn - #5,#1404 - 全乗っかり 即興! 嘘つき旅館
607,1412,#1412 - Rendezvous Game - SP2 Extras,#1412 - スマホなしで待ち合わせSP裏側大公開!
608,1400,#1400 - 1000 Yen Dandy Meetup,#1400 - 放送1400回記念企画　1000円おネエで逢いましょう〜!!
609,SP,2018-07-08 - Rendezvous Game - SP2,2018-07-08 - 特別版 スマホなしで待ち合わせスペシャル〜!!
610,1414,#1414 - Food Marathon - Kushikatsu Tanaka Part 2,#1414 - 串カツ田中 食べ尽くして10万円 東京23区23店舗 完全制覇〜!! 完結編
611,1435,#1435 - Food Marathon - Gaburi Chicken Part 2,#1435 - がブリチキン。食べ尽くして10万円! 東京都内20店舗 完全制覇〜!! 完結編
612,1396,#1396 - Silent Library - #09 Part 1,#1396 - サイレント図書館 ゲスト：袴田吉彦（前編）
613,1413,#1413 - Food Marathon - Kushikatsu Tanaka Part 1,#1413 - 串カツ田中 食べ尽くして10万円 東京23区23店舗 完全制覇〜!!
614,1392,#1392 - Food Marathon - Ikinari Steak Part 1,#1392 - いきなり!ステーキ食べて10万円! 山手線周辺37店舗 完全制覇〜!! (前編)
615,1420,#1420 - Dance Until You're Posted on Social Media,#1420 - SNSで拡散されるまで踊りましょう〜!!
616,1421,#1421 - Matsumoto's 55th Birthday Special,#1421 - 祝 松本人志 55歳 松本から受けた優しい言葉を語る
617,1428,#1428 - Ask the Best in a Strange Town - #4 Part 1,#1428 - 第4回 行ったことない街でベスト3聞きましょう〜!!（前編）
618,1409,#1409 - Let's Play with Tabletop Games from Around the World - #2 Part 1,#1409 - 第2回 世界のテーブルゲームを遊び尽くせ〜!!（前編）
619,1429,#1429 - Ask the Best in a Strange Town - #4 Part 2,#1429 - 第4回 行ったことない街でベスト3聞きましょう〜!!（後編）
620,1393,#1393 - Food Marathon - Ikinari Steak Part 2,#1393 - いきなり!ステーキ食べて10万円! 山手線周辺37店舗 完全制覇〜!! (後編)
621,1419,#1419 - Hosei's Romatic Movie,#1419 - 天才映画監督 月亭方正 映画業界に殴り込み〜!!
622,1426,#1426 - Talk,#1426 - ダウンタウン2Sトーク!
623,1431,#1431 - Let's Play with Tabletop Games from Around the World - #3,#1431 - 第3回 世界のテーブルゲームを遊び尽くせ〜!!
624,1405,#1405 - Improvisational Shinkigeki,#1405 - クソ寒い即興新喜劇をやってみよう〜!!
625,498,#0498 - Kiki - #03 Tobacco,#0498 - この１服に命をかけろ 賞金20万円争奪！ききタバコ大会!!
626,538,#0538 - Too-Stingy Matsumoto's Trial - Part 2,#0538 - おちょこ松本セコセコ裁判!! （後編）
627,505,#0505 - 24h Tag Batsu Game,#0505 - 恐怖の罰ゲーム24時間耐久鬼ごっこ!!(1)[午前8時〜]
628,525,#0525 - Sports Challenge - #02 Vaulting Horse,#0525 - 前人未到3回宙返り 松本人志が跳馬10点満点に挑む!!
629,504,#0504 - Shichi Henge - Itao's Guerilla Shichi Henge,#0504 - ※板尾勝手に七変化
630,526,#0526 - Oogiri Daigassen - #10 Part 1,#0526 - 第10回 大喜利大合戦!!（前編）
631,530,#0530 - Cosplay Bus Tour - #3 Anime Characters,#0530 - コスプレツアー
632,521,#0521 - Sports Challenge - #01 High Jump,#0521 - 前人未到 松本人志が2m50cmに挑む!!（走り高跳び）
633,536,#0536 - Kiki - #06 Yakisoba,#0536 - この一口に命をかけろ 賞金10万円争奪！きき焼きそば!!
634,540,#0540 - Sports Challenge - #03 Skateboard,#0540 - 松本人志 スケボー空中2回転半に挑戦!!
635,512,#0512 - Operation Tail Endo,#0512 - ココリコ遠藤 尾行大作戦!!
636,537,#0537 - Too-Stingy Matsumoto's Trial - Part 1,#0537 - おちょこ松本セコセコ裁判!! （前編）
637,513,#0513 - Genkai - Charshumen,#0513 - 第5回 チャーシューメンはどこまでチャーシューメンなのか!?チャーシューメンの限界に迫る!!
638,524,#0524 - Kiki - #05 Beer,#0524 - この一口に命をかけろ 賞金10万円争奪！ききビール大会!!
639,527,#0527 - Oogiri Daigassen - Thai Kick,#0527 - 第10回 大喜利大合戦!!（後編）
640,509,#0509 - Kiki - #04 Curry,#0509 - この一口に命をかけろ 賞金10万円争奪！ききカレー大会!!
641,531,#0531 - Cosplay Bus Tour - #4 Yamasaki Italy Batsu,#0531 - 山崎邦正 罰ゲーム 0泊3日でイタリアにスパゲッティを買いに行く
642,1459,#1459 - Food Marathon - Bikkuri Donkey Part 2,#1459 - びっくりドンキー食べ尽くして10万円 東京21店舗 完全制覇〜!! 完結編
643,1472,#1472 - Shichi Henge - Shimofuri-Myojo's Seiya,#1472 - 霜降り明星せいや 七変化〜!!
644,1468,#1468 - I Think This Item Will Suit You - Matsushima Nahomi,#1468 - アイツの事を1番理解しているのは俺だ! どうせお前こんなん似合うんやろ選手権! DAIGO編〜!!
645,1462,#1462 - Let's Play with Tabletop Games from Around the World - #4 Part 1,#1462 - 第4回 世界のテーブルゲームを遊び尽くせ〜!!（前編）
646,1449,#1449 - Silent Library - #11,#1449 - 峯田和伸 完全プロデュース! ロックでとりまくれカルタ争奪戦〜!! 完結編
647,1460,#1460 - Apology Press Conference Simulation,#1460 - やらかしからの大逆転! 好感度アゲアゲ謝罪会見〜!!
648,1474,#1474 - Let's Play with Tabletop Games from Around the World - #5,#1474 - 第5回 世界のテーブルゲームを遊び尽くせ〜!!
649,1469,#1469 - Photos That Look like Hamada,#1469 - どれが一番浜田か!?浜田写真発表会〜!!
650,1475,#1475 - Food Marathon - Bamiyan Part 1,#1475 - バーミヤン食べ尽くして10万円 東京23区51店舗 完全制覇!!（前編）
651,1452,#1452 - Costume Talk - Bluetooth,#1452 - 着ぐるみトーク
652,1457,#1457 - Calbee Potato Chips Game - Part 2,#1457 - カルビーポテトチップスを食べ尽くせ〜!! 完結編（後編）
653,1456,#1456 - Calbee Potato Chips Game - Part 1,#1456 - カルビーポテトチップスを食べ尽くせ〜!!（前編）
654,1446,#1446 - Luggage Improv,#1446 - 全乗っかりキャリーバッグ
655,1444,#1444 - 10-Man Nagabuchi's 'Tonbo' Singing Challenge,#1444 - みんなで長渕剛を歌い切ろう〜!!
656,1464,#1464 - Music Video Shooting with a Drone - #1,#1464 - ドローンでミュージックビデオを撮影しよう〜!!（贈る言葉）
657,1478,#1478 - Rendezvous Game - #7 Part 2,#1478 - 第7回 5人の気持ちは揃うのか!?スマホなしで待ち合わせ〜!! (後編)
658,1453,#1453 - Stroll to Meet Celebrities - #9 Part 1,#1453 - 徹底検証！有名人に会うまでぶらりし続けましょう!! 東京都編（前編）
659,1476,#1476 - Food Marathon - Bamiyan Part 2,#1476 - バーミヤン食べ尽くして10万円 東京23区51店舗 完全制覇!! 完結編（後編）
660,1477,#1477 - Rendezvous Game - #7 Part 1,#1477 - 第7回 5人の気持ちは揃うのか!?スマホなしで待ち合わせ〜!! (前編)
661,1451,#1451 - Shichi Henge - Kamaitachi's Yamauchi,#1451 - かまいたち山内の七変化!
662,1458,#1458 - Food Marathon - Bikkuri Donkey Part 1,#1458 - びっくりドンキー食べ尽くして10万円 東京21店舗 完全制覇〜!!
663,1473,#1473 - Kiki - #42 Mentsuyu,#1473 - この一口に命をかけろ!!賞金10万円争奪！ききめんつゆ〜!!
664,1455,#1455 - High Tension - The Best 10,#1455 - 祝! 浜田雅功 誕生日記念 ハイテンション ザ・ベストテン
665,1461,#1461 - Ask the Best in a Strange Town - #5,#1461 - 第5回 行ったことない街でベスト3聞きましょう〜!!
666,1463,#1463 - Let's Play with Tabletop Games from Around the World - #4 Part 2,#1463 - 第4回 世界のテーブルゲームを遊び尽くせ〜!!（後編）
667,1447,#1447 - Freddie Mercury Play by Hosei,#1447 - フレディさんと街ブラ
668,1439,#1439 - Kiki - #41 Frozen Fried Rice,#1439 - この一口に命をかけろ 賞金10万円争奪！きき冷凍チャーハン〜!!
